row_id,protein_id,ordinal,fold_id,target_y,pred_A,pred_C,pred_A_attr_control,pred_plddt
0,1bkp_A,4,0,-0.47649464154641785,-0.0175225944961227,0.060309158423214854,-0.014445179090231408,-0.042063169127181776
1,1bkp_A,5,0,-0.513328118862886,-0.012441915643956636,0.013398904944657203,-0.010067092383595266,-0.043713841097608785
2,1bkp_A,19,0,0.21072875977347605,-0.007738841666466045,0.014781529612224648,-0.0002245546742006277,-0.03977762332197465
3,1bkp_A,24,0,0.08362049166914387,0.0631426690680511,0.170427155485418,0.04115131237367958,-0.005748385777783582
4,1bkp_A,27,0,-0.01255534808139469,-0.008133533640068469,-0.03708460177860422,0.002243390470987483,0.03005849850379083
5,1bkp_A,33,0,0.17714554150073436,-0.03620518161278924,0.05560629730613284,-0.02377106944289506,0.006060267549118814
6,1bkp_A,35,0,0.3076537384533631,0.033660488692277335,0.09503796077540733,0.025330864573447354,-0.02708014662638103
7,1bkp_A,37,0,-0.399677121904362,-0.0037409865335864545,-0.05619425589986938,0.0021964582945295796,-0.03799997658459153
8,1bkp_A,70,0,-0.40604775343069227,-0.019210211068568905,-0.09008859075612932,-0.014310514221348658,-0.045491487834991906
9,1bkp_A,87,0,-0.2441773569442034,0.047929099048488175,0.06849343971903515,0.03218069356875458,-0.03380980927504562
10,1bkp_A,97,0,0.014945019940109217,-0.046766370952615155,-0.028043144376803053,-0.025570203215528442,-0.02961964196549971
11,1bkp_A,117,0,0.27439046571498793,-0.01902756540163761,0.03796075837640034,-0.012070360251796364,-0.03419073357591351
12,1bkp_A,120,0,0.44268342888091655,-0.03496888855461029,0.0628761773603429,-0.02934148482454753,-0.03088938963505905
13,1bkp_A,136,0,-0.2685145951735439,0.018997219386802044,0.015125363941105807,0.018157401103588988,-0.040031572855886655
14,1bkp_A,161,0,-0.3274970532323521,-0.025980912047408572,-0.0393124883604289,0.002226786798502689,-0.043967790631520565
15,1bkp_A,172,0,-0.1563529046018044,0.005006767976766163,-0.06670597233630302,0.009238639513146463,-0.046761235504551246
16,1bkp_A,180,0,0.05091468466702831,0.008897648306036482,-0.059650835125787255,0.004721027621979984,-0.02911174289767593
17,1bkp_A,188,0,-0.2618412733272878,-0.012440805387399945,-0.0955949992242335,-0.010142612893827396,-0.042317118661093556
18,1bkp_A,197,0,-0.4045573588022866,-0.025543333472958563,-0.010480575460145941,-0.018268781238928555,-0.04688821027150736
19,1bkp_A,222,0,-0.06844126869525946,-0.006158077473200463,-0.10181096730967815,-0.0011143863627541828,-0.040920396224578326
20,1d4t_A,2,3,-0.27863282939988454,0.015466030941192033,0.07380175407875357,0.007445693999745401,0.13025331774560112
21,1d4t_A,8,3,-0.7078791020357394,-0.01441873857406592,-0.014545299342068413,-0.01705382180829948,-0.02524974934538715
22,1d4t_A,21,3,-0.6167102334305216,0.008931064766320454,0.061781293220090114,0.0039503356797842,-0.03675036957084177
23,1d4t_A,32,3,-0.35927773633907123,0.020769289435219662,-0.029792016747002187,0.010052919041983271,-0.03442577612101583
24,1d4t_A,41,3,-0.3906843788852007,0.01478448911957031,-0.01643891146186402,0.01326631073255391,-0.03883026897331776
25,1d4t_A,47,3,-0.5379961677012285,0.013591202128213964,0.0788886170044176,0.018048346784790864,-0.03356934695529068
26,1d4t_A,55,3,-0.3211946030066261,0.007311448051921243,-0.05654924317329085,0.010216791372631262,-0.03222352969486497
27,1d4t_A,56,3,-0.23156457677179942,0.009412189903160006,0.0035569504654612005,0.010253387334262842,-0.028920160055638577
28,1d4t_A,59,3,-0.01697317541779042,0.05583974440552923,0.11642244153629895,0.039333106833038964,0.025034877385058163
29,1d4t_A,60,3,-0.11578267341269877,0.015653200793640187,0.08945524195383191,0.010770428312136607,0.015858850609429487
30,1d4t_A,65,3,-0.2506407214296016,0.02694281767202958,0.0061502275473525325,0.013969620815380807,-0.02023352137471024
31,1d4t_A,67,3,-0.3132022983433611,0.009457414504216693,0.0636208136637397,0.006256054644000808,0.03702488570521312
32,1d4t_A,73,3,-0.33388771169513976,0.0008155997906331702,0.06274679237318825,0.010556465047816155,0.03690253868153803
33,1d4t_A,79,3,-0.3261146447670681,0.04530354110072539,0.007961032548214356,0.03778753567119017,-0.012648005906856996
34,1d4t_A,87,3,-0.6140268543524878,0.02463002488418413,0.016319900158685285,0.01169446692242973,-0.03711741064186702
35,1d4t_A,88,3,-0.5440059340223947,-0.05983692817468672,0.00983155203823885,-0.04318068859921631,-0.03418108207366588
36,1d4t_A,89,3,-0.4875591267319097,-0.005776281718416404,0.1161608958578744,-0.002722581284743786,-0.0179089279248843
37,1d4t_A,93,3,-0.6040199810462219,-0.0474875141972399,0.00574121811863626,-0.04784893379996605,-0.0005356505630271791
38,1d4t_A,97,3,-0.7251923013067119,0.022517728496095735,-0.12234792658577026,0.016612767952093377,-0.042378332659894324
39,1d4t_A,98,3,-0.722432757380056,0.014934497976132832,-0.03365391727380454,0.015892858118044417,-0.03858557492596759
40,1dci_C,23,2,-0.3530500107944434,0.0323657246706556,0.0800508229656999,0.012411613278863518,-0.04047990910483068
41,1dci_C,32,2,-0.270554866010688,-0.01415734986441243,-0.032955266429938415,-0.011864110366840624,-0.041722441187233894
42,1dci_C,45,2,-0.2608267214832267,-0.0296190157273227,-0.003871035658618127,-0.019820747834857544,-0.043213479686117884
43,1dci_C,47,2,-0.19029506618692626,0.006878749739500062,-0.06462946910227113,-0.0021786255416315625,-0.04197094760371445
44,1dci_C,59,2,-0.4531214924525204,-0.003637228234428802,-0.08840432731306355,-0.016041471557283082,-0.046568316308606805
45,1dci_C,63,2,-0.37460036079582126,0.003546704610419754,-0.08420737816110926,0.0037861225655177466,-0.041722441187233894
46,1dci_C,80,2,0.5726261438287423,-0.03917198640354602,0.02926713301122716,-0.030634908567296004,-0.029669879987922032
47,1dci_C,84,2,0.5143150863364282,-0.015257823006914167,-0.011135195996225325,-0.013925102287040608,-0.03712507248234154
48,1dci_C,90,2,0.20355709885452178,-0.013947447826272788,0.04193677203821555,-0.013023470880192817,-0.04035565589659029
49,1dci_C,100,2,0.06824474125023128,-0.011199964496121345,-0.05655350410696128,-0.00992817057080203,-0.04731383555804869
50,1dci_C,120,2,-0.03115588386353696,0.0054321384694779665,-0.10977185084246452,-0.001666849062977871,-0.042219454020195224
51,1dci_C,122,2,-0.09043265985610233,-0.01086515563812103,-0.10265278193033886,-0.010293324345806265,-0.04768659518276963
52,1dci_C,132,2,0.21137387969569843,0.030624480967921586,-0.055556673227836084,0.023554547213810728,-0.04818360801573096
53,1dci_C,149,2,0.1233379242429612,0.023654518627228754,0.11150785809657307,0.016186906335635076,-0.04246796043667578
54,1dci_C,192,2,0.1631652200198639,0.022939423669984277,-0.02393495632233436,0.023658882467154363,-0.04731383555804869
55,1dci_C,205,2,0.03401708572782958,-0.009583167267053452,0.04338442829746059,-0.010258806594492492,-0.04594705026740509
56,1dci_C,211,2,0.048607363792939395,0.009993526169535805,-0.1276865471185626,0.00035379271511318255,-0.042592213644916166
57,1dci_C,220,2,0.013951206456810805,-0.02160764144903335,-0.04995734226231677,-0.017761481034364146,-0.04619555668388564
58,1dci_C,222,2,-0.05833312812579039,-0.01688881595529565,-0.06445827941686696,-0.014732350087695911,-0.04681682272508736
59,1dci_C,244,2,0.24645715651762723,-0.014565234715509023,0.032315846529292216,-0.013525666305133494,-0.041225428354272564
60,1fxo_G,15,4,0.011718550147207907,0.025022172095834683,-0.026027947361693338,0.014078105662864548,-0.005872051514782095
61,1fxo_G,25,4,-0.35020902863440573,0.04225664854422673,-0.054622927748826725,0.02621559661051348,-0.044959477123073466
62,1fxo_G,52,4,-0.25574339211840436,0.004744272491776336,-0.06638712023624344,0.006471146448824405,-0.05040720194652848
63,1fxo_G,74,4,-0.4721006018076894,-0.03641922190685355,-0.0586533125253836,-0.04284772072229562,-0.04959004322301008
64,1fxo_G,92,4,-0.1970976461085805,-0.0064797394669860175,-0.0478030468358699,-0.0032319086090854543,-0.04700237393186901
65,1fxo_G,93,4,-0.1572775594441378,0.032646813743521325,0.02147958315243853,0.019142820738902777,-0.04727476017304166
66,1fxo_G,95,4,-0.157499860102844,0.0021139879361279923,0.005824376125560457,0.0031637350892782523,-0.04713856705245534
67,1fxo_G,114,4,-0.21317600654962232,0.06405857913124276,0.055112822488470214,0.03730338173621828,-0.02330477094983885
68,1fxo_G,119,4,-0.017348104752025306,-0.007942457578414802,0.07021528757529448,-0.005502809244419371,0.03648400898758197
69,1fxo_G,140,4,0.13752478142716118,-0.03304123854662605,0.04607310423147487,-0.02315067667727544,-0.0038291547059863262
70,1fxo_G,162,4,0.2074908952019613,-0.025983028490719623,-0.042851332112079726,-0.024647805810545986,-0.028752495773293862
71,1fxo_G,167,4,0.02548539961003282,-0.015444754031387425,-0.036855530673931075,-0.013238345585661837,-0.040873683505481706
72,1fxo_G,184,4,-0.16074743647964818,-0.015549181980040072,0.008793930313406112,-0.008921414910554426,-0.04781953265538719
73,1fxo_G,185,4,-0.14996444282615545,-0.012720699776455263,-0.08246417059065791,-0.007414428283025631,-0.04550424960541877
74,1fxo_G,188,4,-0.20130894134643906,-0.0014639942573643205,0.02879279229071416,-0.00558959001879461,-0.03610692428495854
75,1fxo_G,217,4,-0.1307513659635583,-0.016936359037853482,0.05401985622257119,-0.009034612604671699,0.004070046288023654
76,1fxo_G,222,4,-0.09609387876231501,0.016900538827395395,-0.06950227825804128,0.011149581251846286,-0.0429165803142777
77,1fxo_G,263,4,-0.2310538561137101,-0.03255866047113776,-0.02220123395974663,-0.018077205078770336,-0.048228112017146385
78,1fxo_G,264,4,-0.013927189653623273,0.059933528465748814,0.03795247720032792,0.046144822047038014,-0.047547146414214536
79,1fxo_G,284,4,-0.055866919122903314,0.00462140897628463,-0.030973067546671312,0.0028566769347099785,-0.04318896655545035
80,1ijt_A,4,0,-0.42128515116168763,0.038056256979190795,0.02208440202811726,0.03066456589342409,-0.034317708342869624
81,1ijt_A,17,0,-0.450381850363029,0.021266823788829298,-0.043529876400278916,0.02119005860585027,-0.044983588767168126
82,1ijt_A,20,0,-0.6496934715968128,-0.015389089841226528,-0.08051944356856443,-0.005284638796438479,-0.037746027050679754
83,1ijt_A,30,0,-0.39229003810703234,-0.030362772775269914,0.028680473767614595,-0.019127522164580135,0.02688412932989248
84,1ijt_A,36,0,-0.6978922542702642,0.03378338372881445,-0.11103427601367183,0.02295229349316802,-0.040539471923710435
85,1ijt_A,38,0,-0.3714188057217039,0.0319851624603984,-0.05995855876935949,0.02356206367656749,-0.042951992495873226
86,1ijt_A,39,0,-0.32605316650301885,0.019089504297962523,-0.032776551936823925,0.019304734457736117,-0.043078967262829115
87,1ijt_A,41,0,-0.1748212042327838,0.006444628843081501,0.025242242546394233,0.007062621580834372,-0.03622232984720841
88,1ijt_A,45,0,-0.12352530425422215,-0.025074503907388565,-0.006519680715877718,-0.01060035440587373,-0.019715610142936546
89,1ijt_A,49,0,-0.35679556144792896,-0.005294800498615193,-0.053170853832610665,0.0074316771241474955,-0.04599938690281569
90,1ijt_A,52,0,-0.6138555021098537,0.045983913578492464,-0.061964514328879367,0.029796254000850064,-0.038888799953283204
91,1ijt_A,65,0,-0.5675665382654906,-0.05173527145862322,-0.013935191435082137,-0.03458121046233642,-0.0458724121358598
92,1ijt_A,66,0,-0.2517532927381658,0.027601874458866082,-0.05540027885563563,0.02686153637868921,-0.04688821027150736
93,1ijt_A,71,0,-0.5088488887065152,0.023960787543019946,0.06497219282628822,0.010471361298316606,-0.038888799953283204
94,1ijt_A,72,0,-0.5625182748868749,-0.011783493746525736,-0.014220022224010434,-0.003316208299548762,-0.042571068195005335
95,1ijt_A,73,0,-0.5642549123255913,-0.01312878673883383,0.07658627998894224,-0.008187951894651324,-0.039523673788062874
96,1ijt_A,92,0,-0.3756115475471444,0.0023733637247372874,-0.08296064993366997,0.004158744532697767,-0.046380311203683355
97,1ijt_A,104,0,-0.5014928928307179,0.057786330823024146,-0.07500076629680354,0.03659529181091037,-0.037492077516767974
98,1ijt_A,109,0,-0.30599666378576657,0.00867938456524181,0.04421242416873808,0.009232814472778794,-0.044729639233256346
99,1ijt_A,121,0,-0.554704567572284,0.041881233475658364,-0.15445286382032986,0.026969007130290656,-0.046380311203683355
100,1juv_A,10,3,-0.3219103024164227,0.004396208393305678,-0.06174163924796927,0.005727045297681921,-0.033446999931615595
101,1juv_A,41,3,-0.39887141583985414,0.009297509552244287,0.0642031575792446,0.004136528426991956,-0.0393196570680181
102,1juv_A,49,3,-0.3552579330364859,0.017537760617796716,-0.07356083567849334,0.015427567487729832,-0.04409119099134484
103,1juv_A,54,3,-0.24605814311981833,0.0014325542686266235,-0.033461323353676825,0.0003265393169402525,-0.040420780281093416
104,1juv_A,56,3,-0.10888308208669417,0.011246970671656059,-0.05966524243909782,0.0052019009595487,-0.041277209446818786
105,1juv_A,58,3,-0.3135047795474535,-0.07280585601636752,-0.06906832123556689,-0.04746556461931273,-0.03479281719204108
106,1juv_A,59,3,-0.2824898599642117,0.016203533093636535,0.03143797322987496,0.028531108677183253,-0.02610617851111252
107,1juv_A,77,3,-0.3144252469149853,0.0238331101229953,0.060399981309355255,0.015559202555819718,-0.0319788356475148
108,1juv_A,88,3,-0.1681107767391073,-0.0271435137246126,-0.08953187512966074,-0.025877507956630963,-0.03626098147614165
109,1juv_A,89,3,-0.16500464527294195,0.01032317038634778,-0.07329356190985672,0.01332004939831316,-0.03442577612101583
110,1juv_A,103,3,-0.23555524453049093,9.673595051695738e-05,-0.017476172347931723,0.004270091061932435,-0.017541886853859046
111,1juv_A,125,3,-0.27212930874684627,0.03798211276476854,-0.11222088250583143,0.02474608694656849,-0.04458057908604496
112,1juv_A,143,3,-0.30732770321639,0.015530767458473899,-0.09293110425119694,0.017889157836379538,-0.04482527313339513
113,1juv_A,144,3,-0.2679334414380048,0.008522322157912932,-0.08573106631233593,0.011120160548456104,-0.04409119099134484
114,1juv_A,145,3,-0.27681482391316703,0.00815573238663525,-0.08658407655610573,0.009620580700542336,-0.04384649694399467
115,1juv_A,150,3,-0.3192014149588617,0.04356984138165587,0.06065360431786908,0.03983901136744797,-0.027696689818888176
116,1juv_A,152,3,-0.4183663589641715,0.011583827555149973,-0.00864572580056791,0.011942431776447993,-0.01803127494855916
117,1juv_A,158,3,-0.13304437439317052,0.00598531344977471,-0.04546835473545005,0.007437450102333321,-0.03772914576024222
118,1juv_A,179,3,-0.08538609708501477,0.03984702222129402,0.07986857037709905,0.0242259308854922,-0.04078782135211845
119,1juv_A,187,3,-0.3156509121217417,0.024913636736740907,-0.0031164849321335952,0.015666900899885317,-0.04482527313339513
120,1md6_A,20,0,-0.07949557629218673,-0.004732526870176709,0.09993079756237655,-0.006816924732714502,0.017995895642976878
121,1md6_A,27,0,-0.4786462337848507,0.0008182054213733969,-0.06211153425779842,0.003785633415216094,-0.003589814739532571
122,1md6_A,31,0,0.1437833010607794,-0.013117777888306759,-0.014248888238870105,-0.0105944661920786,0.2341069490019826
123,1md6_A,40,0,-0.25740505156061605,0.03528271904761299,-0.10255640220818968,0.02381528326461113,-0.03977762332197465
124,1md6_A,45,0,-0.5875181711504773,0.00545845259205896,-0.02751399127421278,0.007399742195720149,-0.03609535508025252
125,1md6_A,52,0,-0.18911506421733015,0.03227667820536384,0.0004768898065104221,0.019396152043393733,-0.02669922232551314
126,1md6_A,57,0,-0.2787676496920019,-0.001310488471189919,-0.09930848074443648,0.004538600968126805,-0.044094765398476676
127,1md6_A,71,0,-0.014807706202412785,-0.07950111860651127,0.04896442963199829,-0.04921031561637046,0.34127365231279405
128,1md6_A,73,0,-0.11991711149398432,-0.015997265130447358,0.09759298140715653,-0.00971842259497896,0.206807374106456
129,1md6_A,77,0,-0.054904186805259325,0.02613911552847073,0.0626910281002034,0.014543518126570426,-0.0010503194004138905
130,1md6_A,90,0,-0.10329133363433396,0.05473124981488492,0.14753993039560892,0.041976344695128676,0.07576941460792841
131,1md6_A,98,0,-0.2640681416017996,0.008775210369976555,-0.06117672163853447,0.009532885998047469,-0.0438408158645649
132,1md6_A,101,0,-0.09782715867530356,0.058766652251695584,0.052050900601832734,0.03920319284357893,-0.019969559676848547
133,1md6_A,106,0,-0.43662331538919874,-0.007916911686577682,-0.08283327606020449,-0.00378079764944253,-0.0279689699950727
134,1md6_A,117,0,-0.5822294259686662,-0.029055042386231536,-0.03303308458909002,-0.016194301871594208,-0.021112332579451998
135,1md6_A,125,0,-0.3281776057764385,-0.021839246266757276,-0.07112904563128812,-0.010970229398011677,0.029042700368143493
136,1md6_A,132,0,-0.12318849530159248,0.019499987041781713,0.019878093616201936,0.011109789779628954,-0.0023200670699732306
137,1md6_A,140,0,0.3726271161537855,0.0374395602150526,0.09297765441894285,0.031865755776724625,0.21861602743335817
138,1md6_A,148,0,-0.23977300594813689,0.05030497813210688,-0.08107946139232622,0.03804731636511538,-0.03266703637244217
139,1md6_A,151,0,0.07419315627943468,0.01477246145158706,-0.06200189923476203,0.010112798801042544,-0.00511351194300369
140,1o4k_A,8,3,-0.8026722572002618,-0.010589287841977602,-0.00951552035633492,0.009256744672989259,-0.02573913744008749
141,1o4k_A,9,3,-0.7006521650713009,-0.024208322186171027,-0.024813283193330427,-0.022038838720002396,-0.01362678209625745
142,1o4k_A,17,3,-0.42763311188634123,-0.02376575493825682,-0.02851590003827205,-0.015787456630246957,-0.03418108207366588
143,1o4k_A,25,3,-0.36581368485204824,-0.03820030870822419,-0.0759340112289778,-0.02882612509957594,-0.0191323981616347
144,1o4k_A,26,3,-0.32232678068995346,-0.002778380916472395,0.035217784840103794,-0.000638742455935426,-0.028308424937263377
145,1o4k_A,33,3,-0.35690357707103415,0.010877364321969896,-0.047405435737619545,0.0055210094870244975,-0.03503751123939125
146,1o4k_A,35,3,-0.5288580300006779,0.005408849334042232,-0.03478826752705233,0.004367192705796941,-0.01705249875915893
147,1o4k_A,43,3,-0.3309241697798635,0.013234922626594425,-0.026609564854407408,0.010782342308843618,-0.0405431273047685
148,1o4k_A,44,3,-0.33662963579934324,0.022022225153132624,-0.06244448657959581,0.019590645632966364,-0.04286772075459444
149,1o4k_A,47,3,-0.3009518867419848,0.0338774565878979,-0.09361435865189238,0.02363617223375311,-0.04029843325741833
150,1o4k_A,57,3,-0.2772644617423592,0.010382688229633619,-0.031211537084420315,0.010141816790972424,-0.04005373921006816
151,1o4k_A,71,3,-0.19052128086053322,0.006829780143418368,-0.007423819852083902,0.0028258734718436263,-0.02573913744008749
152,1o4k_A,73,3,-0.03287207409943882,-0.08474384916565711,0.024793605309764655,-0.0564410885614372,0.0005654726500483598
153,1o4k_A,77,3,-0.13456555888186872,0.010905753680508501,0.04309602690555761,0.010818062899953296,-0.02635087255846269
154,1o4k_A,79,3,-0.4831147415412007,0.008010350771045532,0.06221616563990706,0.02666509028781172,-0.0191323981616347
155,1o4k_A,85,3,-0.43616597745430824,0.0019489733410715526,0.008812776030949737,0.0002342370644837638,-0.03944200409169296
156,1o4k_A,90,3,-0.2835830100219813,0.012489554290717977,0.01263582561978853,0.0018538798955230196,-0.037239757665542106
157,1o4k_A,94,3,-0.2652467351054729,-0.029821954832061986,0.06842255387493199,-0.02179531546083903,-0.008243513054555285
158,1o4k_A,97,3,-0.3963944570703626,-0.03397741794572881,-0.10569085629815553,-0.03603735035252639,-0.03797383980759239
159,1o4k_A,105,3,-0.34630669005081083,0.00804103327587663,0.02160868160194443,0.0019017502484790505,0.1691596712742669
160,1pcf_C,2,2,0.32068462153150024,0.02189691549419559,0.09424395331501145,0.020127385566087674,-0.03874036418946614
161,1pcf_C,10,2,0.044561806123154746,0.03596513124798206,-0.025977623504844477,0.0254465067220791,-0.044207505352040544
162,1pcf_C,12,2,0.12287159918194979,0.005061495549859518,0.030003678763925123,0.016191974451122443,-0.039237377022427244
163,1pcf_C,16,2,0.28547107493886426,-0.003614795638383961,0.10346864638528343,0.006525465532833327,-0.0008431356761655628
164,1pcf_C,18,2,0.30309513567831536,-0.019593530050387775,0.03461938228223385,-0.020184646080687263,-0.022214687493502083
165,1pcf_C,21,2,-0.0912209219197525,0.029326133888555678,-0.06259723217400723,0.025742462497054863,-0.04532578422620359
166,1pcf_C,31,2,0.5162856556082238,0.023411320485414833,0.10246120888075061,0.013076491576577795,-0.027433322239595936
167,1pcf_C,32,2,0.48271062256575203,-0.02914829140524136,0.030461808462374035,-0.017433908465590814,-0.005813264005778862
168,1pcf_C,33,2,0.32201320799177235,-0.054614476889957575,0.017971735284135287,-0.04015363456622678,-0.018735597662772996
169,1pcf_C,35,2,0.4615457429928176,0.01145005760149953,0.06338367901432707,0.014915556284403775,-0.020102382953416598
170,1pcf_C,36,2,0.4597806482251414,0.03736958607793123,0.05214562173288659,0.024228371873815435,-0.025072511283029675
171,1pcf_C,39,2,0.24464447565463887,-0.018502436065371664,0.01235227433978403,-0.00782336961494337,-0.03985864306362896
172,1pcf_C,40,2,0.42306405957154825,0.07360147549370347,0.05958077296603195,0.05193536624140155,-0.03451575510929472
173,1pcf_C,44,2,-0.20850813938395374,-0.015417113881230626,-0.03497940800218255,-0.0047995702968782195,-0.04246796043667578
174,1pcf_C,45,2,0.050512039051897384,0.04248518296133777,-0.029328169334258497,0.030657364609739862,-0.041598187978993506
175,1pcf_C,47,2,0.0645855539347926,-0.014597926764756186,-0.009365092510403072,-0.013264296303422407,-0.04569854385092431
176,1pcf_C,48,2,-0.061358827887125766,-0.02099138865671793,-0.032236572409183414,-0.018110180257999736,-0.04495302460148243
177,1pcf_C,56,2,0.11113870428099493,-0.0027347045866202013,0.05876958642916941,-0.006808249038345149,-0.043213479686117884
178,1pcf_C,57,2,0.3679475978070288,-0.008152698854907409,0.05566853590997886,-0.01072612025224251,-0.04470451818500165
179,1pcf_C,60,2,0.5065966831331125,-0.019631790811309502,0.04727661072809722,-0.016425302358313493,-0.04545003743444376
180,1puc_A,2,2,0.5657755064985419,0.04103666574987769,0.13044707936460376,0.03174922521668,0.4293214712518537
181,1puc_A,3,2,0.44933293926456863,0.041033662703784834,0.020643939342998463,0.027747596028916605,0.21212686324775853
182,1puc_A,12,2,0.40004209758093734,-0.014393930880431088,-0.08096013909815615,-0.013467993660253294,-0.037746338523543255
183,1puc_A,13,2,0.3271848608703285,-0.014301902326879237,-0.055499077389878304,-0.012798690132984292,-0.03178218452800752
184,1puc_A,18,2,0.3816472520810926,0.007638563204197535,0.06436243766391432,-0.0020517340641237336,-0.0381190981482642
185,1puc_A,33,2,0.8108575960982862,0.009674935113224259,0.06839992913562548,-0.0016968608602488944,-0.0024584273832899406
186,1puc_A,36,2,0.8117659886516968,0.036071052984175844,0.10922685214322866,0.031594546514052274,-0.031906437736247684
187,1puc_A,44,2,0.15449688469056921,-0.01165107733337381,0.018254909539329053,-0.013353416824129216,-0.028178841489038042
188,1puc_A,49,2,0.055475283885095816,-0.030132583703692428,-0.09355785606180247,-0.022421774817887707,-0.034888514734015885
189,1puc_A,58,2,0.5614243684631826,0.008512999819760426,0.08460345795033686,0.004377537772343801,0.04488204495627546
190,1puc_A,67,2,0.3786472873393095,-0.005034682512879321,-0.013543058102167979,-0.006269854719945983,-0.017741571996850336
191,1puc_A,68,2,0.2680503227718597,-0.02776268005571847,-0.12366247791250098,-0.024725853252542007,-0.034888514734015885
192,1puc_A,69,2,0.1030417611474016,-0.008246835357655025,-0.008190629977280373,-0.008558242044144043,-0.03600679360817871
193,1puc_A,73,2,0.03503116079095814,-0.02926175168742401,-0.0453589570130562,-0.01715442791043023,-0.0361310468164191
194,1puc_A,78,2,0.3242082910549926,-0.012585742895856122,0.09619022895497661,-0.00952721966188222,0.008724361358339872
195,1puc_A,92,2,0.7951606669038236,-0.02810038042319596,0.06544713996958507,-0.019185425643282128,-0.029918386404402586
196,1puc_A,93,2,0.8346040237913859,0.03238548839992922,0.1375173421437921,0.02084726800485781,-0.0361310468164191
197,1puc_A,96,2,0.7928342170179623,0.017535338504010622,0.1249474159944215,0.021523401607767056,-0.03302471661041073
198,1puc_A,97,2,0.8473585192933724,0.009365682026963307,0.12491908746504654,0.00989706926588707,-0.02296020674294419
199,1puc_A,100,2,1.3222053831250165,-0.017334137881895306,0.07749006686318788,-0.010950031034220653,0.11011497928244829
200,1qlm_A,22,1,-0.6041923768399786,-0.015626809535896027,-0.07072387323615112,-0.011033305445118408,-0.04351214216756838
201,1qlm_A,23,1,-0.6653167316233388,0.022122091544363703,-0.031604642506620005,0.017231442699762345,-0.04461343222302272
202,1qlm_A,33,1,-0.2869266636938486,0.03990600590987056,-0.008386195917244127,0.03592375772544007,-0.04488875473688636
203,1qlm_A,38,1,-0.5447518156519748,0.013640556453665645,-0.08836018689241071,0.014332867222297596,-0.04062125577200115
204,1qlm_A,43,1,-0.541190814056793,-0.008681075643777209,-0.07848951430586966,-0.001728615175265305,-0.04172254582745527
205,1qlm_A,117,1,-0.2353363437077507,0.020489680731314713,0.03130189583675748,0.02076937609999796,-0.04075891702893286
206,1qlm_A,121,1,0.16670377948765303,-0.03299826725581012,-0.014514843168555308,-0.030476632080922716,-0.0410342395427965
207,1qlm_A,132,1,-0.34878701172375604,0.016629115155479074,0.0272483544896322,0.03343480121676884,-0.03828101440416076
208,1qlm_A,146,1,-0.020206674407736158,0.03765968231216445,-0.05074269897671617,0.02116115145117775,-0.04130956205665992
209,1qlm_A,170,1,-0.1668464056474852,0.06995621885882959,-0.09594309917052816,0.04816909958663393,-0.0410342395427965
210,1qlm_A,172,1,-0.3130711179428338,-0.019530890543828255,-0.04872927402158195,-0.013502805113354527,-0.04420044845222737
211,1qlm_A,173,1,-0.11867956962981119,0.03702089191455735,-0.06970483619063099,0.02593874873913435,-0.04420044845222737
212,1qlm_A,183,1,-0.22053743647686008,0.0077373987041687575,-0.13311610290766457,0.0003997327325979405,-0.04433810970915908
213,1qlm_A,188,1,-0.23004836711081,-0.035022776855464594,-0.09551689299586512,-0.03055970286252227,-0.04378746468143202
214,1qlm_A,192,1,-0.07832507304871394,-0.06145603823224918,-0.030059476447216515,-0.0483215446780543,-0.04007061074427387
215,1qlm_A,222,1,-0.0341082126779656,-0.032634356617482554,-0.08530951086237756,-0.029609265104832194,-0.03194859658529903
216,1qlm_A,250,1,-0.18865186840253223,-0.006634524193537147,-0.03126865987052779,-0.01205533610436113,-0.04227319085518255
217,1qlm_A,270,1,0.24379241710108368,0.020659084144195164,0.0662173433772493,0.005545498950552341,-0.014190294441099205
218,1qlm_A,276,1,0.2407101248655643,0.001967398938161391,0.0692167455984129,-0.006464052858756869,0.137787733211586
219,1qlm_A,303,1,-0.6018047976405745,0.057519128158343785,0.03635535240977275,0.035604779950205626,-0.04282383588290961
220,1qw2_A,3,3,0.9418858613548395,0.02467911230560013,0.11597734578078629,0.017711489927307783,0.03800366189461357
221,1qw2_A,11,3,0.10639117591025393,0.06044946013109201,0.0906362034975507,0.037144866583138814,-0.03858557492596759
222,1qw2_A,14,3,-0.05286028945818033,0.013828234304716192,0.037440708640045756,0.00606539321967578,-0.029409548150338916
223,1qw2_A,24,3,0.4257485899492861,0.028499569045372486,0.0027426593121037957,0.01599158952065216,-0.03944200409169296
224,1qw2_A,28,3,0.3588361010526304,-0.0060179927964474356,0.07913203999633246,0.0045528208951358395,-0.02084525649308544
225,1qw2_A,30,3,0.4818159492098256,0.011241204234109126,0.047813767639141025,0.008294694179906276,-0.033446999931615595
226,1qw2_A,31,3,0.35226731652236354,0.02024289926754641,0.0019111109387627556,0.018780682138995336,-0.04152190349416873
227,1qw2_A,32,3,0.1996407943258629,0.02629294042682595,-0.0070901287686780945,0.0153931006008306,-0.04078782135211845
228,1qw2_A,34,3,0.00898677290038341,0.012012891047727209,-0.015323495133208881,0.014295078679578105,-0.04433588503869501
229,1qw2_A,41,3,-0.11441104339855723,0.010403338079128438,-0.04093006127715401,0.011825860402864541,-0.04409119099134484
230,1qw2_A,45,3,-0.07060484827506674,0.009984894394535773,0.04778234859480889,0.0009757590266942229,-0.03785149278391731
231,1qw2_A,50,3,0.3166130123873042,-0.015676019363463856,0.05961112402678538,-0.010110764847392498,-0.0417665975415189
232,1qw2_A,52,3,0.25392000079405497,-0.012304045233013233,-0.017620765276548433,-0.008521117167023584,-0.04164425051784382
233,1qw2_A,56,3,-0.10444919451361478,-0.053115719056998606,-0.06989045890601941,-0.0418936336164413,-0.04335710884929456
234,1qw2_A,67,3,0.05923601845156623,0.038221085780161895,0.051336140083284965,0.030314031167980343,-0.038952615996992845
235,1qw2_A,73,3,-0.4001764809138202,-0.04870818249110942,-0.08555370424091299,-0.03330911653366281,-0.041888944565193986
236,1qw2_A,79,3,-0.35213705025813047,-0.03476946739595438,-0.10086240012483247,-0.01742402677933297,-0.04433588503869501
237,1qw2_A,83,3,0.0043371858263442364,-0.025455547099814513,0.014756444384344397,-0.01665381166738103,-0.04323476182561947
238,1qw2_A,85,3,0.06979722229634988,0.020468719745291006,0.04841163968639309,0.015003281426509238,-0.03479281719204108
239,1qw2_A,93,3,-0.39056380736898655,0.04328331712842226,-0.08877177039676862,0.03912595728263796,-0.04286772075459444
240,1u55_A,7,0,-0.3859741331871366,-0.019614519121394725,-0.08434913459697171,-0.013869600684086492,0.02358278538903802
241,1u55_A,10,0,-0.4016997469714184,-0.010397252381232874,0.009618823942369154,-0.008582821013844388,0.0036477469769560233
242,1u55_A,15,0,-0.3961768345951854,0.019508805390636874,-0.027954390327008305,0.008942357068615014,-0.007145108214298812
243,1u55_A,19,0,-0.25558759782370544,-0.019258683736225135,0.06241009905337935,-0.014782747759213621,-0.03647627938112041
244,1u55_A,20,0,-0.32386705829831686,-0.011139834648512814,-0.05632505669989846,-0.009418496562476342,-0.038888799953283204
245,1u55_A,33,0,-0.13537371799826725,-0.0034754392350258567,0.1412244437103796,0.0035746940429272622,0.02028144144818378
246,1u55_A,34,0,-0.20584561731400064,-0.03300038969866986,0.09694889067884098,-0.018584945635849198,0.040343454627221886
247,1u55_A,42,0,-0.42036463700959226,0.0005229425274855537,-0.06785912352101102,0.003011042635765182,0.027265053630760372
248,1u55_A,46,0,-0.2482183104345258,-0.01521750767998975,-0.03163258128139529,-0.011732892451614796,-0.019842584909892658
249,1u55_A,76,0,-0.08679948674659677,-0.0173797439201116,-0.061810339712883106,-0.013421870338246655,0.04783496587762226
250,1u55_A,86,0,-0.11040846331230669,-0.008111997322176656,0.08694639452330624,-0.009440266330312141,0.032597993842909734
251,1u55_A,92,0,-0.05015186526987159,-0.015569133007558744,0.03393433385582892,-0.012002601655653977,-0.03063544010114727
252,1u55_A,97,0,-0.028309145233755606,-0.005216008814551976,-0.043419060184735764,-0.005140579664549172,-0.0277150204611607
253,1u55_A,101,0,0.012121999869007194,-0.019582513509209976,-0.07806514137397053,-0.014698980827091812,0.02370976015599413
254,1u55_A,102,0,0.03267925423693263,-0.017915462076440847,0.029087979965462973,-0.012815295875667099,0.039073706957662324
255,1u55_A,136,0,-0.3581099294730894,0.0069653899757260995,0.032698544685592634,-0.004096467361669298,-0.02441367652030646
256,1u55_A,152,0,-0.41649142417569596,-0.03705274996574748,0.061255045484031156,-0.021513644998546494,-0.0345716578767814
257,1u55_A,170,0,-0.12489120330403458,0.0035951583957340993,-0.009026737913018723,0.002769050047712801,-0.041174345758490105
258,1u55_A,173,0,-0.2130932534003992,0.015250306416183329,-0.053070469536801806,0.01384108378567811,-0.044602664466300235
259,1u55_A,180,0,-0.3944627694818216,0.03690915265963801,0.027355173328927423,0.02326125836923809,-0.007399057748210813
260,1usm_A,4,3,-0.3275995368536547,0.043529775030999196,0.07835161324519653,0.024082645938589275,-0.019010051137959616
261,1usm_A,10,3,-0.7222400801813647,-0.0049920560432843986,-0.0829574419029869,-0.004491216354346517,-0.03369169397896554
262,1usm_A,15,3,-0.42666936572250436,0.014491072207375832,-0.04307546653202901,0.013172211074640616,-0.028920160055638577
263,1usm_A,23,3,-0.5071488500291959,-0.020812563791925268,-0.12385259413894428,-0.013748341532957384,-0.038096186831267476
264,1usm_A,25,3,-0.453568195792876,-0.012921662192621253,0.035417008064258,-0.008176528740342665,-0.03687271659451685
265,1usm_A,26,3,-0.5251564811439968,-1.1305870299169185e-05,0.016982980701660225,-0.0005122644842997653,-0.037239757665542106
266,1usm_A,28,3,-0.4636608781979747,-0.010733868557937731,0.019818512950402115,-0.007601995556458699,-0.04078782135211845
267,1usm_A,33,3,-0.41861998527745037,-0.00753311548224489,-0.05439265915096124,-0.00506251919810638,-0.03858557492596759
268,1usm_A,34,3,-0.4084218150235007,-0.010874276652789325,-0.058996546888269386,-0.008140062631650652,-0.04078782135211845
269,1usm_A,47,3,-0.4831761426999077,-0.011972955143419811,-0.015714262937887594,0.003600567647205302,-0.03834088087861742
270,1usm_A,53,3,-0.3579400587692144,0.01625720032394179,-0.05577909002198614,0.014148946758936631,-0.04091016837579353
271,1usm_A,55,3,-0.6363061531036097,0.01906215527103791,-0.061800507977348096,0.013616049648383699,-0.03858557492596759
272,1usm_A,58,3,-0.2104210080142832,0.009176019997645946,0.0777034047131704,0.0037664653759632988,0.003991189312949617
273,1usm_A,59,3,-0.2784693768553329,0.021956708417657206,0.08477911109798686,0.013320152550870087,-0.004695449367978721
274,1usm_A,61,3,0.1266339247797802,0.01582051033797305,-0.04914330985617635,0.0039097864787545344,-0.020967603516760525
275,1usm_A,62,3,-0.5179717419903694,-0.00045739218492396594,-0.07231138292861519,0.0033257272457191123,-0.0301436302923892
276,1usm_A,64,3,-0.37107841824339605,0.03822653996853562,0.09396148477188107,0.031106587591202578,-0.029042507079313662
277,1usm_A,72,3,-0.5151783679903632,-0.003215366647042417,-0.011734101996898283,-0.002061619653918642,-0.028308424937263377
278,1usm_A,73,3,-0.5327581978396284,-0.013471778745307764,-0.07626513168350524,-0.00947368120493075,-0.034548123144691134
279,1usm_A,74,3,-0.47514118972245506,-0.007849252206755503,0.0343918136986027,-0.005949144662552211,-0.023659238037611496
280,1vyi_A,3,0,0.2799080180532636,-0.02980198808659751,0.08495023187523698,-0.01417443837999488,0.3486381887962384
281,1vyi_A,7,0,-0.15914716287721264,-0.024687472571641667,-0.03092086400342678,-0.017971961978011597,0.15817603836233207
282,1vyi_A,15,0,-0.4347199791142712,-0.008393878266918064,-0.12131687964601405,-0.007250524669095593,-0.039904598088930765
283,1vyi_A,20,0,-0.358097179032581,-0.023774144897206584,0.061563401149194674,-0.01743194053816427,-0.039396699021106985
284,1vyi_A,29,0,-0.25572874864420275,0.012150614931490333,0.00026679803488585674,0.009140424290541349,-0.042571068195005335
285,1vyi_A,44,0,-0.1929560600251774,0.035180496144062726,-0.018592178351364175,0.02317626031580594,-0.037746027050679754
286,1vyi_A,54,0,-0.23809745698852214,-0.0046668548646607855,-0.06500350132619884,-0.005341054250861177,-0.039396699021106985
287,1vyi_A,55,0,-0.25798320091323157,0.0012619753888448992,-0.10230027503714806,0.0003116560659170986,-0.039396699021106985
288,1vyi_A,61,0,-0.2419034962032991,-0.0006319787676496852,-0.04228759556768874,-0.013148265492683553,-0.018699812007289207
289,1vyi_A,62,0,-0.18935897993596373,-0.024423688080214834,-0.03659390303845281,-0.01759731953617799,-0.015398468066434745
290,1vyi_A,66,0,-0.07283204624655848,0.012963067039756582,-0.09403085562997274,0.006317974865747922,-0.0033358652056205695
291,1vyi_A,68,0,-0.1863082465779503,-0.041319793074210256,0.0032103369571928053,-0.028350105956583382,0.004536570345647473
292,1vyi_A,79,0,-0.3182904755646959,-0.01175675705969581,-0.11724544631661055,-0.01032646010220123,-0.042190143894137444
293,1vyi_A,80,0,-0.2921346316634347,-0.010025644171367531,-0.08475550715428226,-0.008508148158449691,-0.042825017728917114
294,1vyi_A,82,0,-0.2837087877703386,-0.015300864428129335,0.012898944999949508,-0.011498646003378965,-0.03787300181763564
295,1vyi_A,84,0,-0.13142490475558144,0.021429335113181028,0.023563940738745653,0.01846649209782844,-0.03393678404200173
296,1vyi_A,88,0,-0.2761927707759442,-0.015259356088642262,0.029567452549808526,-0.011234395905245387,-0.03926972425415087
297,1vyi_A,102,0,-0.2524912572421406,-0.009843847833870628,-0.05748127952202539,-0.008744503498651413,-0.02352485315161479
298,1vyi_A,107,0,0.09588358099327632,-0.012036194533264877,0.020299595363081457,-0.009890619995513827,-0.006383259612563252
299,1vyi_A,109,0,0.42565351423372033,0.0347916307973713,-0.03490937189710869,0.02741437020850407,0.09659327638870208
300,1wn9_A,2,0,-0.30765681640185893,0.0074258097201509166,-0.008958598901905326,0.015933630363173912,-0.013239897028183734
301,1wn9_A,8,0,-0.7080548466300646,-0.028032842964844595,-0.07867147986192664,-0.029605639556552377,-0.016795190502949975
302,1wn9_A,14,0,-0.40975640966220617,-0.020029927910564405,0.038709286041576724,-0.014763143395039535,-0.02288997931683512
303,1wn9_A,16,0,-0.39528065729400885,-0.010978199067651628,-0.06278305581308422,-0.009377034876832169,0.0002194282691456717
304,1wn9_A,29,0,-0.30614620988031344,0.006707949026990595,-0.0898761092012398,0.013726247998140428,-0.02987359149941171
305,1wn9_A,41,0,-0.005490120341268834,0.018255554827895204,0.022386201986391296,0.010089802359103284,0.1551286439553894
306,1wn9_A,44,0,-0.2989550743411328,0.009082645996926403,-0.07341698773464744,0.014379159208812775,0.012282031129959625
307,1wn9_A,47,0,-0.3143010070234568,0.0016881158637282734,-0.05199140855323672,0.005410073466492887,-0.03558745601242874
308,1wn9_A,51,0,-0.3060271152312387,-0.006035879842818101,-0.013979380480016845,0.010918670414966691,0.040978328462001556
309,1wn9_A,52,0,-0.051427400519790556,-0.032129592719617975,-0.0008202968199033378,-0.02544401138365382,0.09811697359217342
310,1wn9_A,53,0,-0.10068462787723087,-0.03839136098521838,0.057288165040444206,-0.02170981256826393,0.103195964270411
311,1wn9_A,73,0,-0.35413739930898025,-0.015296640295431208,-0.08222539252762653,-0.012343097683947313,-0.018445862473377428
312,1wn9_A,74,0,-0.3515252951960468,-0.01200116196310802,-0.059483503495370016,-0.00966430988686573,-0.016160316668170305
313,1wn9_A,85,0,-0.585488290933597,-0.04013943994766239,-0.13705933678837467,-0.03441675609881051,-0.016922165269906086
314,1wn9_A,88,0,-0.2590737929922395,-0.018920862324233484,-0.07476429227061757,-0.004782236186882088,-0.03622232984720841
315,1wn9_A,101,0,-0.09020116196217964,-0.009175727447416515,0.051780609025847774,-0.007494350896665336,0.003774721743911691
316,1wn9_A,104,0,-0.4332926055512798,-0.03330052792516047,0.04729583031284321,-0.018490609258672908,-0.012858972727315843
317,1wn9_A,108,0,-0.24128657021648758,-0.012683761649303738,0.04870845798951648,-0.01034934420582978,-0.022001155948143447
318,1wn9_A,110,0,-0.29377000491976113,-0.022555710477869556,0.007705470795447783,-0.016988681910977965,-0.018826786774244875
319,1wn9_A,122,0,-0.3442116577203891,0.03885252389880739,-0.008494401119472667,0.029650091901626652,0.010631359159532394
320,1wna_A,12,0,-0.4840451565782413,-0.015888478975273235,-0.08609926870309875,-0.01221812485618351,-0.03609535508025252
321,1wna_A,16,0,-0.39528065729400885,-0.021243936987521916,-0.05501152835897613,-0.015369428107198713,-0.011716199824712614
322,1wna_A,20,0,-0.25477869264222275,0.02889246876206117,0.09533113224335049,0.016207799753810426,0.07069042392969105
323,1wna_A,21,0,-0.26266265788673016,0.003890535215209018,0.09105257522884139,-0.005322936887293128,0.11411579422862173
324,1wna_A,26,0,-0.35345547798647114,0.018387009688056066,-0.061457229470651936,0.010278456988979279,0.04897773878022549
325,1wna_A,28,0,-0.634050315204528,-0.022459642377939987,-0.09882376315783636,-0.009729524525713962,-0.0060023353116953615
326,1wna_A,30,0,-0.36783337820230966,0.021847920906367946,-0.0765149505744182,0.019084059129332864,-0.040920396224578326
327,1wna_A,43,0,-0.6119978314466107,-0.00038028146706040045,-0.06339972934868615,0.004287248664810728,0.023201861088170128
328,1wna_A,58,0,-0.24844638395901697,0.012167646129088633,-0.09740478363802055,0.010408060757714,-0.03926972425415087
329,1wna_A,74,0,-0.3870057352114563,-0.01697473729771959,-0.03546144138833876,-0.013375400831093787,-0.0297466167324556
330,1wna_A,82,0,-0.2621652091333252,0.015876481347704974,0.07309861000191381,0.008209142193211394,0.009234636723017164
331,1wna_A,83,0,-0.5338020054775567,0.04817969652594742,-0.06998556952685853,0.03087015870782389,0.015329425536902308
332,1wna_A,84,0,-0.5133111115836442,-0.03996156781634691,-0.0520722172095274,-0.027385103557943463,-0.0023200670699732306
333,1wna_A,86,0,-0.5514119864600773,0.039738697223545894,-0.06970949544991012,0.027751118576216205,-0.010446452155153052
334,1wna_A,89,0,-0.2996018939716073,0.006062939140955112,-0.06273518934070801,0.0060393949555949955,-0.04041249715675432
335,1wna_A,91,0,-0.2938519986656246,0.008994844694966753,-0.09342253124013106,0.012784084229488013,-0.03076241486810316
336,1wna_A,98,0,-0.21641337959034468,-0.021385388800865934,-0.05684855829262414,-0.016021608072519955,0.017995895642976878
337,1wna_A,108,0,-0.23031753884591355,-0.00032760879525930986,0.051665451916578425,-0.0017634208028794451,-0.03025451580027938
338,1wna_A,110,0,-0.248479245739598,-0.026780657007462294,0.03739289386007508,-0.019774489020281394,-0.02834989429594037
339,1wna_A,116,0,-0.30429829524020324,0.01856457561926869,-0.007568830833974471,0.00797094903510387,-0.014890568998610965
340,1wq6_A,8,2,0.8567694671821848,0.01957471273397976,0.14108357484347056,0.01786979621135179,0.3315341963667148
341,1wq6_A,13,2,0.4200801473698532,0.01234937675165415,0.05044399606960506,0.010925864744849967,0.08514008442614207
342,1wq6_A,15,2,0.7200332734737085,0.03183913488232737,0.09858779065050398,0.02113988059281255,-0.0010916420926463388
343,1wq6_A,16,2,0.7992406774018788,-0.02008013215141223,0.05830060966662942,-0.016577570297865774,-0.00780131533762396
344,1wq6_A,20,2,0.6620482551061173,-0.017971106369438494,0.041759185895682796,-0.01648656476351265,-0.031036665278565634
345,1wq6_A,21,2,0.4607651599273985,-0.02566868659912759,-0.0069662117583306205,-0.021015528189754773,-0.019729623328695656
346,1wq6_A,23,2,0.6132936403560448,-0.023708609785102308,0.040397278136812306,-0.018903515640363633,-0.04047990910483068
347,1wq6_A,26,2,0.5594816781410439,-0.0219293350076967,-0.0023900369786730297,-0.0171828839338172,-0.043213479686117884
348,1wq6_A,27,2,0.5890649207846617,-0.0229645218354535,0.03701939079247679,-0.018487490791878558,-0.04433175856028071
349,1wq6_A,28,2,0.5037306148026944,-0.01764963992656121,0.039034908302282456,-0.015614141157888256,-0.04482877139324204
350,1wq6_A,30,2,0.5769478015584976,-0.023016459634640996,-0.003714220995582926,-0.019650178528285933,-0.04532578422620359
351,1wq6_A,31,2,0.571931841139665,-0.01625258437952723,0.03870349961091142,-0.01369778214107717,-0.04607130347564525
352,1wq6_A,44,2,0.5565704623233422,-0.0210136180386708,0.03526632159007047,-0.017223164990483902,-0.04520153101796298
353,1wq6_A,51,2,0.5598840730825764,-0.018001843410057033,0.033101764062937314,-0.016126589518193957,-0.04346198610259844
354,1wq6_A,55,2,0.459202632502391,-0.020211452569253052,0.03471041045927034,-0.017371692500958158,-0.03898887060594669
355,1wq6_A,58,2,0.5515259107688288,-0.016010123431629927,0.030297735482711585,-0.012905968709969129,-0.03625530002465949
356,1wq6_A,66,2,0.7762181023729414,-0.01877019227881052,0.04160706462106824,-0.015796863423783947,0.014440008937394833
357,1wq6_A,67,2,0.7049592201968957,-0.012361217178020134,0.0458576394416209,-0.011706204935043402,0.03208396450752149
358,1wq6_A,68,2,0.8884859383927115,-0.01139122854085986,0.06001281852673648,-0.011813217132963544,0.05494655482374222
359,1wq6_A,69,2,1.1020141366933007,0.014861907507484035,0.06551643557476546,0.0032200968689290455,0.10228702716330762
360,1wq6_B,6,2,1.0812032687674438,0.021700240372699964,0.1435325204555531,0.020690634495167448,0.3944063197363211
361,1wq6_B,7,2,1.028127007780888,0.015913786996458595,0.13629764050157883,0.018816570478498218,0.33588305865512613
362,1wq6_B,8,2,0.9355041301957061,0.019458017714101383,0.14370724545726643,0.01728484963423249,0.32258796537341106
363,1wq6_B,12,2,0.8376647318969783,-0.0026868476929298724,0.0976316338527223,-0.004343538757764054,0.033823509422886255
364,1wq6_B,13,2,0.6933284417203411,-0.004324985204175957,0.042619926359607846,0.0038840942519303145,0.02090117576589212
365,1wq6_B,14,2,0.7537981515911518,-0.026723135092399125,0.07432800704062484,-0.015026159999568994,-0.0020856677585689987
366,1wq6_B,17,2,0.9402001600318479,0.0003102623468043131,-0.0017872668757605847,-0.002218890945985208,-0.01600202708148557
367,1wq6_B,25,2,0.6144758439235775,-0.022411743379379595,-0.0034860367180367113,-0.017679897951766277,-0.0394858834389078
368,1wq6_B,26,2,0.6871205412702461,-0.023838254837863296,-0.0026725177901985864,-0.018639123821146297,-0.03265195698568979
369,1wq6_B,28,2,0.6728453908588207,-0.009528987212948412,0.03854012101208906,-0.01091473465865575,-0.03998289627186935
370,1wq6_B,29,2,0.6373735561295669,-0.020165008885266816,-0.005325447151596149,-0.01784819633391324,-0.04234370722843539
371,1wq6_B,42,2,0.9537641444976515,-0.0032559197829864633,0.007979749060590569,-0.00649227474964803,-0.040728415521311234
372,1wq6_B,47,2,0.8495861179990756,-0.016324946020863623,0.03550655273810566,-0.01406559170597027,-0.0394858834389078
373,1wq6_B,49,2,0.7603016887758142,-0.013735398340098959,0.01413982381644388,-0.013270282929526978,-0.037746338523543255
374,1wq6_B,52,2,0.5967320852798756,-0.021963652970463682,0.03610047567144771,-0.018723779903151022,-0.0381190981482642
375,1wq6_B,53,2,0.6562504050740785,-0.0174585194324125,0.020820523685775874,-0.014837338528798483,-0.03513702115049644
376,1wq6_B,58,2,0.6002770741387395,-0.01104702048072434,0.029864886318508588,-0.010071735945880067,-0.03277621019393018
377,1wq6_B,62,2,0.7457217848367135,-0.02905995995013244,0.03035739983636189,-0.02322567345554094,-0.017120305955648618
378,1wq6_B,64,2,0.807342925605809,-0.029447791024605638,0.041626690587289364,-0.02317853978802012,0.01704932631044187
379,1wq6_B,66,2,0.97113186482318,-0.017681136634802058,0.0417639181469323,-0.01468251216925423,0.012700464022030289
380,1wq8_A,3,1,0.8036507317207895,-0.018000104885304652,0.06886668730075138,-0.011390401197105965,-0.035803111779388885
381,1wq8_A,4,1,0.9552689850933154,0.0371407088975651,0.08936652920178842,0.022191792774978847,-0.002764410115761562
382,1wq8_A,17,1,0.3826384558876891,0.03299163020520113,0.03329015280634606,0.036583752587719426,-0.03745504686257006
383,1wq8_A,25,1,0.3719985076867054,0.04517372089227535,0.011752990275464281,0.026334703860782543,-0.004141022685079321
384,1wq8_A,27,1,0.3909815794904836,0.04680957614469054,0.099165447870286,0.03194924153753817,0.03674437062365943
385,1wq8_A,30,1,0.4030024038183071,0.0354441144902181,0.08407112034588032,0.022749794229509485,0.14577208611362957
386,1wq8_A,34,1,0.42316697573913986,0.03341467371052817,-0.025002117796407333,0.03453968403608734,-0.02410190494018738
387,1wq8_A,38,1,0.3607218809574807,-0.0014136406147304825,0.0028548809998798497,0.004954379197764619,-0.037179724348706644
388,1wq8_A,39,1,0.33355018157168714,0.04888547399299399,-0.015436409038092569,0.041228489453508654,-0.038005691890297344
389,1wq8_A,41,1,0.3540438199256255,0.020599010794799075,-0.027185092447835332,0.022247182202479565,-0.03979528823041045
390,1wq8_A,63,1,0.6640693797267125,0.032749728717869075,0.04803628077581905,0.031133216004408576,-0.03828101440416076
391,1wq8_A,64,1,0.6700195388630792,0.03684419621951683,0.04294480245621954,0.03440165088841027,-0.04075891702893286
392,1wq8_A,69,1,0.4895961327747862,0.034956127278540194,-0.01198301161902654,0.0320284339976373,-0.02313827614166497
393,1wq8_A,76,1,0.7322092100535256,-0.01963524600535478,0.04856082874432652,-0.00973507739673482,0.0026043789045779864
394,1wq8_A,78,1,0.620690574647553,0.05750486709541949,0.10820041264890712,0.0452540952688536,-0.020522712259961162
395,1wq8_A,81,1,0.6199869136690369,0.03843929758390015,0.04648869590762317,0.0361318950638253,-0.035527789265525245
396,1wq8_A,84,1,0.4703178159846343,0.04930344739514558,0.01263795688886779,0.04474163689788585,-0.03869399817495611
397,1wq8_A,85,1,0.5076520423059216,0.03807322366350732,0.021322593929062716,0.034466352045109366,-0.038831659431888044
398,1wq8_A,89,1,0.5964586779314993,0.004487835252230121,-0.05864579475325764,0.009037202031088681,-0.037317385605638353
399,1wq8_A,107,1,1.7129328992152675,0.021646135888776785,0.12941488994630218,0.018782250140590373,0.7115598521032466
400,1xvg_E,4,1,0.8601817316667939,-0.03529270728057622,0.05019274202632057,-0.021693185074660032,0.01733413339627843
401,1xvg_E,22,1,-0.16115631972270572,0.016768831806012706,0.0809997950854699,0.03810259500309354,-0.034013515439275555
402,1xvg_E,38,1,0.09866058338601902,0.02072514879715104,-0.013620227190074968,0.023873714273084032,-0.04199786834131891
403,1xvg_E,43,1,0.0025659197951839463,-0.038747465009952964,-0.014385012365359912,-0.025740727676280717,-0.0393823044596151
404,1xvg_E,48,1,0.11403874445330686,-0.04534760913744759,-0.04083113945948311,-0.03661503031326202,-0.03704206309177471
405,1xvg_E,55,1,0.07843771376255948,-0.03718013290487279,-0.10501406576059802,-0.03221547071942282,-0.04296149713984132
406,1xvg_E,79,1,0.17034653969200686,-0.0350043922593469,-0.044931726533827376,-0.019388057655069568,-0.0426861746259779
407,1xvg_E,84,1,-0.16452481853730794,-0.04261213812571979,0.010953023093515979,-0.029551044929237047,-0.04227319085518255
408,1xvg_E,92,1,0.1421867776839606,-0.03591386847957438,0.014826740791275689,-0.029785664960999964,-0.04130956205665992
409,1xvg_E,99,1,0.1048590546543523,0.013771417489540388,0.05552936789221602,-0.002738180433030424,-0.04007061074427387
410,1xvg_E,100,1,0.05220944289369556,-0.0335997446920142,0.030545530882944316,-0.02085839829349498,-0.03869399817495611
411,1xvg_E,102,1,0.06921332630340271,-0.006501533398068304,-0.04386471751695142,-0.014846138412276444,-0.036491418064047654
412,1xvg_E,107,1,0.08208414607595949,-0.02180242405097875,-0.040853708797702504,-0.021431222165671587,-0.038418675661092694
413,1xvg_E,113,1,-0.116393754280536,-0.025936343838256645,-0.04025990401043952,-0.024946764925967563,-0.04309915839677303
414,1xvg_E,117,1,-0.19039230644445226,0.017316298789269824,-0.03014655731973452,0.018670386583307372,-0.04337448091063667
415,1xvg_E,119,1,-0.44540105690547926,-0.004572231514304581,-0.004505836919299039,0.004107699154766664,-0.04282383588290961
416,1xvg_E,123,1,-0.3511885555352756,-0.004047456997686355,-0.08145994714219962,-0.004772239044870896,-0.04323681965370496
417,1xvg_E,140,1,0.10220152497576296,-0.03190666187705937,0.025785125415500265,-0.02841588326753261,-0.03786803063336541
418,1xvg_E,144,1,-0.03327841505532736,0.014912273849384941,0.09046683579733328,0.00588232138020342,-0.035390128008593535
419,1xvg_E,146,1,0.08663688750982113,-0.009573506215128771,0.06378003202588514,-0.008745553233560383,-0.036078434293252304
420,1yu5_X,9,1,-0.24210858337642294,-0.023262270484445374,0.016728083161180296,-0.021989132611011847,0.01265365066059787
421,1yu5_X,14,1,-0.36264895807694364,-0.017116149665892644,0.0037812135483698273,-0.013202125496818679,-0.0040033614281476115
422,1yu5_X,16,1,-0.11491757516692314,0.03388553151971199,0.07564930659159,0.020086553900557164,0.027245743895366603
423,1yu5_X,17,1,-0.07727533001250486,-0.002235514665414995,0.06671613982278762,-0.009693723529779902,0.01237832814673423
424,1yu5_X,21,1,-0.14820278851174773,0.044494234989586476,0.11167831480874207,0.02642281060499385,0.03192622663104716
425,1yu5_X,25,1,-0.3510181329552434,0.06125000724450952,0.025890916963094368,0.04281670802330237,0.029035340235479712
426,1yu5_X,27,1,-0.2876326438953908,-0.057392956987428356,-0.05093161429885648,-0.03710074878518471,0.023115906187413104
427,1yu5_X,29,1,-0.2242895937482159,-0.009755171516185504,-0.006009114759860129,-0.01339863080930212,-0.0073072315945101884
428,1yu5_X,30,1,-0.21392964761749667,0.014254039631096588,-0.018476072964005497,0.0006642365598810984,0.0031550239323050455
429,1yu5_X,32,1,-0.5233793841265366,-0.032166007800163765,-0.11983059421403212,-0.027217209855390223,-0.0015254588033755123
430,1yu5_X,33,1,-0.44389286773201064,-0.010030004277256283,-0.03386062352628351,-0.009976086041996013,0.01650816585468773
431,1yu5_X,35,1,-0.19247290258611316,-0.039359845844929214,0.032855370983882054,-0.034625888865623594,0.005632926557077145
432,1yu5_X,44,1,-0.4709236237139909,-0.008950296117202869,0.028376141769239666,-0.0023063700086797256,-0.009647472962350578
433,1yu5_X,46,1,-0.15946347477801703,-0.031419623787131576,0.03819509161966181,-0.028836259590387492,0.00040179879366952775
434,1yu5_X,48,1,-0.2942445529577876,-0.014729969211857388,-0.01675421601567731,-0.01885864207085125,-0.029195371446663287
435,1yu5_X,51,1,-0.34120912528535463,-0.03469258043666859,0.0012748225956586978,-0.03029571759678376,-0.029470693960526928
436,1yu5_X,54,1,-0.06502998452951059,-0.034392540733158394,0.03636658139209975,-0.03105482940847168,-0.017907148378257354
437,1yu5_X,55,1,-0.17628407910037647,-0.041959812887355924,0.02032311712875101,-0.0359147751065772,-0.034013515439275555
438,1yu5_X,58,1,-0.2542506069062772,-0.023033732146909888,0.03257835102789944,-0.021487111538801257,-0.030159000245185696
439,1yu5_X,63,1,-0.24152113943102793,0.026849387161856808,0.015316132352638484,0.017572125280809897,-0.015566907010416964
440,1z7k_B,5,2,-0.41327967553015754,-0.0004894038894072694,0.08538863406526541,-0.004636926227372357,0.006860563234734718
441,1z7k_B,8,2,-0.4582116061493611,0.030313719458233246,0.06495839336931433,0.024891945582073277,-0.028054588280797654
442,1z7k_B,10,2,0.12096444794037287,0.0515650924516787,0.09906877749365262,0.041295955379251625,-0.021096408619339257
443,1z7k_B,16,2,-0.05080098202848382,-0.059343006259879275,0.012695870977088464,-0.04284226440414693,0.004499752278168456
444,1z7k_B,23,2,-0.21304548769367382,0.024903938576787965,0.12405147992182577,0.022860481633864338,-0.0033281998409722124
445,1z7k_B,24,2,-0.25292616532490486,-0.033158286765501366,0.040684967701048735,-0.020360554314883872,-0.01848709124629222
446,1z7k_B,26,2,-0.46713104892433854,0.01893652800002965,0.020428629524736702,0.023313618544349435,-0.031160918486806022
447,1z7k_B,27,2,-0.5424653797795542,0.003505651179013247,-0.03398185590507666,0.017338356106057162,-0.041722441187233894
448,1z7k_B,29,2,-0.2073241249894484,0.02092436875608983,-0.064354160625757,0.021505708261945755,-0.04371049251907899
449,1z7k_B,30,2,-0.15332709417227197,-0.02913074808823382,-0.11388144451601542,-0.012103524859453346,-0.041225428354272564
450,1z7k_B,34,2,-0.4504142011296717,-0.0444933144453743,-0.0426745090718266,-0.032791096635368555,-0.043586239310838826
451,1z7k_B,36,2,-0.20269798384912696,-0.036585930485622115,-0.08159961643146482,-0.020101204506541237,-0.041598187978993506
452,1z7k_B,39,2,-0.45722819575327844,0.03582414126691445,-0.09357122294997354,0.02468305846210965,-0.02979413319616242
453,1z7k_B,40,2,-0.39293238467045155,-0.017814222429253984,-0.1273823437874531,-0.01444615376323874,-0.03762208531530309
454,1z7k_B,41,2,-0.3693831220329263,-0.019763489866796796,-0.0655632605545649,-0.015348364312531143,-0.03998289627186935
455,1z7k_B,43,2,-0.32609312022610804,-0.006067888722348674,-0.09944243444546014,-0.006679157819859921,-0.03762208531530309
456,1z7k_B,44,2,-0.240578897057524,-0.027026234340534278,-0.0772716398701208,-0.021904181602499267,-0.03588254039993832
457,1z7k_B,49,2,-0.029746862029406462,0.024475676365612258,0.089823075392576,0.006302824955161879,-0.018859850871013162
458,1z7k_B,53,2,-0.25490967629358763,0.012358637454244537,-0.04309838088309617,0.014187903234665677,-0.03588254039993832
459,1z7k_B,59,2,-0.4259719532355921,-0.03281020764243492,-0.04106445574211384,-0.019071198705847503,-0.03364598265161245
460,2db7_A,3,4,1.1186320274954538,-0.02410746633829894,0.1515439105554081,-0.011534928504337905,0.6061798324004103
461,2db7_A,4,4,1.0481947315190805,-0.0146980612568961,0.06440602237610371,-0.011626123989835313,0.5282773674250008
462,2db7_A,6,4,0.7976964850351118,0.011041187974867958,0.1261316912358938,0.0026811639326816405,0.39562526797386655
463,2db7_A,7,4,0.6749580287957919,-0.018591010849759088,0.09889871687787471,0.001386841286672158,0.27550293561667916
464,2db7_A,10,4,0.48785799469452584,0.018401284618943997,0.1136937311270246,0.012174632260660068,0.08619449800161094
465,2db7_A,17,4,0.5519624597605256,0.0031616854283983975,0.046012202180041595,0.0016026770738461482,0.06018161196961236
466,2db7_A,19,4,0.6131663045809199,0.009699647145460288,0.07322934816422197,0.007118032554588538,0.021502765723080186
467,2db7_A,21,4,0.6467565231942485,0.01656327893322207,0.026710183614168923,0.010899417929015887,0.005704363735060225
468,2db7_A,22,4,0.5596849070709522,-0.007526838433042443,0.008206650608013483,-0.004514493771917427,-0.025075281517461745
469,2db7_A,25,4,0.5166694418282889,-0.016383279807663714,0.016342783575625852,-0.00837688059988792,-0.039647945420204556
470,2db7_A,31,4,0.013731306443690028,-0.004361372799763674,-0.054101518146823305,-0.0024635863659262514,-0.0429165803142777
471,2db7_A,36,4,0.48126290075106504,0.0053761029773701785,0.0072220555593437985,0.0005921669837045118,-0.0416908422290001
472,2db7_A,40,4,0.22178314368128504,-0.06791131941908488,-0.06349618086388689,-0.053614299521848624,-0.046593794570109814
473,2db7_A,49,4,0.45153236685579556,0.0003509060492906946,0.052722018201969145,0.0007087772144985238,-0.04468709088190037
474,2db7_A,50,4,0.28276655950474383,-0.007785934758247015,0.03565582899583401,-0.00501860687556227,-0.04577663584659142
475,2db7_A,51,4,0.06312467172072944,0.0018637403483647563,-0.09932938985135767,0.0030710852069760763,-0.04182703534958665
476,2db7_A,52,4,0.2767094505522132,-0.0037279301218066663,0.027098308808422733,-0.001067409407901121,-0.04400612527896852
477,2db7_A,53,4,0.35915774819885193,-0.020562356456786557,0.05141114015190648,-0.012691233779681177,-0.04237180783193195
478,2db7_A,56,4,0.41604638461778687,-0.01221215852557303,0.0418280097051484,-0.006705467143716559,-0.029433461376225933
479,2db7_A,60,4,0.6692965097059358,0.04734597377860911,0.0965999760613992,0.025939630492373134,0.029810546078849365
480,2db7_B,4,4,1.127986844027792,-0.0462012692430033,0.026147139586408477,-0.03855137443006673,0.4842869894756
481,2db7_B,6,4,0.9741297267096176,0.03501505505802488,0.09235679617435988,0.024805693340440388,0.384321238965197
482,2db7_B,8,4,0.7229588158025668,-0.005200536659563881,0.07373011761050598,-0.01169923637991338,0.22266000482916382
483,2db7_B,15,4,0.6582814746078783,-0.0008646356470603245,0.04058583052533149,0.00025430804855441913,0.01442072345258838
484,2db7_B,18,4,0.6537622818305338,-0.01813637252496514,-0.07367504589560574,-0.009338301111353198,-0.00015194045015420876
485,2db7_B,20,4,0.6084877119842892,-0.0028635956473709867,-0.04494965377968638,-0.0018797943154101326,0.00189095635864156
486,2db7_B,24,4,0.5050954720470588,-0.008813237274704483,-0.04298972128505171,-0.005060190145695642,-0.023985736552770698
487,2db7_B,25,4,0.5553726012738216,0.00874388401785084,0.0017241332522784925,0.0067907493388774665,-0.03787743485258144
488,2db7_B,28,4,0.38401906934142915,-0.006627065842258917,0.012182924639187603,-0.003220246424272155,-0.040056524781963754
489,2db7_B,29,4,0.4280249671248325,-0.006825322917198451,-0.02046202130394635,-0.004783650010686258,-0.04373373903779587
490,2db7_B,32,4,0.3131800020573764,-0.009345540697307642,-0.02015052036466569,-0.006153463757280431,-0.040056524781963754
491,2db7_B,36,4,0.5263694885888112,-0.0007225003561845966,-0.000616488976070112,0.0002899649976244034,-0.039647945420204556
492,2db7_B,37,4,0.4799684564434906,0.02338315350069553,0.029756039343348417,0.016406985777303873,-0.03978413854079088
493,2db7_B,43,4,0.5755114633123342,0.03526642270944508,0.04994692136172871,0.017160315766503786,-0.030250620099744108
494,2db7_B,48,4,0.4328837626138272,-0.001711290902818935,-0.021887169970947126,-0.00019929861023981754,-0.0425080009525185
495,2db7_B,50,4,0.29966837030734694,-0.02258608859160846,0.03221275760344268,-0.014133989910596861,-0.0438699321583822
496,2db7_B,51,4,0.2625086969075845,-0.009387490846720886,-0.094722004978042,-0.006272512231184468,-0.03719646924964959
497,2db7_B,55,4,0.4707600257166066,-0.012499302264735945,-0.020494667947123818,-0.006880092686806394,-0.02984204073798513
498,2db7_B,57,4,0.534617743260423,-0.018198320138795826,0.0409333325680373,-0.010773324674431317,-0.0124093213029286
499,2db7_B,60,4,0.8185089078926115,0.017332671790513586,0.10954661853283648,0.009748943726245907,0.02436282125539413
500,2ebb_A,3,3,-0.49878288929568204,-0.04769155005664805,0.06441421331261413,-0.02740867017984877,-0.020478215422060186
501,2ebb_A,7,3,-0.392500913501457,-0.019838782363458943,-0.022305512052180648,-0.012932072727984939,-0.03381404100264063
502,2ebb_A,15,3,-0.485055548312078,-0.012850970059709754,0.09957772375375006,-0.002420294906745002,0.01243313394652823
503,2ebb_A,21,3,-0.2577138300866598,0.016527431452318435,0.1260178377103921,0.020284243548606987,0.03017345237941038
504,2ebb_A,24,3,-0.18402631265893532,-0.013108085651531487,-0.0881582355417396,-0.013509773864526176,-0.038096186831267476
505,2ebb_A,25,3,-0.27985124187165733,0.04005703441740188,-0.05090637556258237,0.02780282342558779,-0.04323476182561947
506,2ebb_A,31,3,-0.6036159310698259,-0.01695049810687041,-0.04379033700703169,-0.008522725415344157,-0.03332465290794051
507,2ebb_A,36,3,-0.26111647150141026,-0.014025834467880166,-0.007181643560074308,-0.00914505172508115,-0.03503751123939125
508,2ebb_A,38,3,-0.32569485112098073,0.0035378073049516234,-0.01881151859753155,-0.00026682132645416967,-0.042990067778269525
509,2ebb_A,47,3,-0.20732207880924935,-0.01941487983501705,0.03883821380899466,-0.01206143083893016,-0.044213538015019926
510,2ebb_A,50,3,-0.046815316706248944,0.012375783865860204,0.06377100466195959,0.00518796023695825,-0.03980904516271799
511,2ebb_A,62,3,-0.35978451731407946,-0.021958071637625975,-0.10096690501500084,-0.009081524642374564,-0.038096186831267476
512,2ebb_A,64,3,-0.25282427271551794,0.0092501133374569,-0.03914988118236151,0.014019677528316954,-0.04494762015707021
513,2ebb_A,65,3,-0.24806529054161286,0.010380722111079044,-0.04486507761789077,0.014914215366892525,-0.04543700825177055
514,2ebb_A,67,3,-0.2303346320073097,0.01467422891633291,-0.041859414448793014,0.013303270620892982,-0.042378332659894324
515,2ebb_A,74,3,-0.26356115460324714,-0.02654589735858385,-0.036824773733869484,-0.01909539909889088,0.004969965502350071
516,2ebb_A,85,3,-0.2658465567686127,0.0013201983423334895,-0.01101004825116153,-0.0024045056172072865,-0.04250067968356919
517,2ebb_A,90,3,-0.31665046128062124,0.0017188496094003372,-0.09534087047236156,-0.0005222790866678817,-0.04152190349416873
518,2ebb_A,95,3,-0.19259370062303272,-0.029505618459421956,0.03993758872129441,-0.029115214966951353,0.059536738061422456
519,2ebb_A,97,3,0.2959293555656062,0.010129812025253815,0.07053511877581845,0.005142512323395465,0.24379135571604726
520,2erl_A,2,2,-0.5771354659330022,-0.012546911272643152,-0.09942571787044924,-0.012055862856601152,-0.00879534100354662
521,2erl_A,7,2,-0.44858653406140947,-0.021414639260213197,-0.03524721389688176,-0.019811614867762506,-0.028178841489038042
522,2erl_A,9,2,-0.7114757464793448,-0.027042169395663618,-0.053892701647265645,-0.017156721525452667,-0.02432699203358779
523,2erl_A,10,2,-0.5837391086657469,-0.0072535095671015515,-0.04506041144778791,-0.01182280587667206,-0.022711700326463413
524,2erl_A,11,2,-0.6200206298006485,0.03179300031703078,-0.05764201967528712,0.026633606073564214,-0.006061770422259416
525,2erl_A,12,2,-0.6872727913355724,2.2683320843042143e-05,0.061136951460236885,-0.004621419492740947,-0.005440504381057698
526,2erl_A,13,2,-0.4871443705647059,-0.016633274910287293,-0.03851975592267606,-0.01618756785605638,-0.02084790220285848
527,2erl_A,14,2,-0.5057205560725468,-0.003635775600123209,-0.12431429404400329,-0.0058456818197393234,-0.019108357287493938
528,2erl_A,15,2,-0.39080356644138875,0.0041877508721874235,-0.01172459887790292,-0.003486126563987585,-0.0028311870080108825
529,2erl_A,17,2,-0.45238638859202357,-0.007814619623198071,-0.05306583665571232,-0.00540696747815278,-0.02196618107702153
530,2erl_A,18,2,-0.7725179468230072,-0.006422636088822875,-0.04744556537204356,-0.0026311128079814505,-0.02097215541109887
531,2erl_A,20,2,-0.5875989722017507,-0.014937348716005397,0.0033374587997312966,-0.0006746939255281026,0.00971838702426231
532,2erl_A,22,2,-0.4092594985334639,0.019188270035400704,0.05064735738125799,0.00928706409817881,-0.010534885918911163
533,2erl_A,24,2,-0.5536348430020483,-0.023099060071941097,-0.08810100729797729,-0.019222128661812055,-0.022587447118223025
534,2erl_A,26,2,-0.5074439096877987,-0.01637177322082148,0.01589836639167566,-0.013850972473188061,-0.024699751658308733
535,2erl_A,28,2,-0.4973202029617278,-0.02634100170667844,-0.11601734370631077,-0.02076062116420216,-0.024575498450068567
536,2erl_A,32,2,-0.37300494821249947,0.01367684956585205,-0.025026931103025618,0.0028107307656274894,-0.02631504336543311
537,2erl_A,33,2,-0.5635710829146651,0.0011817872547841002,-0.05030065738998346,-0.002002223086310262,-0.03662805964938043
538,2erl_A,36,2,-0.5695952332050928,-0.014319285914728613,0.07655768214491465,-0.0014605210245365874,0.019658643683488686
539,2erl_A,37,2,-0.39805562058794686,-0.11133714255139408,-0.0972866104704288,-0.12073928979331207,0.026119810511985753
540,2fb6_A,3,0,0.6693553795261127,0.07404597768255855,0.14187188815140572,0.04806396138901814,0.4847551389730035
541,2fb6_A,8,0,0.09071265722306265,-0.0045439448782391145,-0.10506472732506397,0.0011587577136445704,-0.025175525122041797
542,2fb6_A,10,0,-0.09912387767146014,-0.000256117542637907,-0.08686339289549172,0.005059738722626578,-0.042571068195005335
543,2fb6_A,19,0,-0.15895280298937198,-0.013582905976318893,0.04740436492821981,-0.01075434104232803,-0.043205942029785005
544,2fb6_A,38,0,-0.19084612157947867,-0.061232420168232576,-0.07708532501448159,-0.04020901808741367,-0.03546048124547285
545,2fb6_A,54,0,-0.18419885980245088,0.023708271321121632,-0.05549386601834569,0.01218809714731739,-0.0438408158645649
546,2fb6_A,56,0,-0.3456551366007191,-0.057134877995051375,0.04947448937367077,-0.03343468980167519,-0.0438408158645649
547,2fb6_A,60,0,-0.2223495183532178,-0.028172766432129293,-0.027555713400012116,-0.02062087190082329,-0.045491487834991906
548,2fb6_A,67,0,-0.19843500500171674,-0.014800213487863423,-0.04126096536870488,-0.011584952046471253,-0.044094765398476676
549,2fb6_A,69,0,-0.08397667532042419,0.056312677777148545,-0.0215327816532338,0.03663331548750165,-0.039650648555018764
550,2fb6_A,73,0,-0.14524912169272097,0.004012515666111521,-0.04493591357499878,0.011054918452190421,-0.046126361669771576
551,2fb6_A,86,0,-0.2046099962397112,-0.0001312440504118717,-0.005183713636283865,-0.0014976331287700484,-0.041174345758490105
552,2fb6_A,87,0,-0.11389902909624139,-0.009104847727397891,0.061497528103269194,-0.007750576005515486,-0.03926972425415087
553,2fb6_A,92,0,-0.19506264241996363,0.0494669444083316,-0.005560701478101837,0.031304362048341694,-0.040285522389798656
554,2fb6_A,93,0,-0.38016131668366404,-0.037647083440448356,-0.029430506397206485,-0.0270590460653799,-0.040920396224578326
555,2fb6_A,94,0,-0.5029680530302976,-0.05037564404496783,-0.03216609424993712,-0.03499349051304235,-0.045491487834991906
556,2fb6_A,95,0,-0.047791610790882566,0.0183617914926619,0.03295549470599002,0.017737754259045113,-0.04447568969934457
557,2fb6_A,100,0,-0.04049657080193003,-0.009009552884707839,0.06816514510052915,-0.008001352146589091,-0.03380980927504562
558,2fb6_A,108,0,0.21665133165977024,0.01173009774236633,0.07112704100604073,0.005287935966924506,-0.02619132325768958
559,2fb6_A,110,0,-0.018740077065033445,-0.036105227862667386,0.07599716532160014,-0.02286986346381656,-0.0037167895064884604
560,2gh0_D,2,1,0.39711167877357956,0.005169062219204462,-0.03647019325216708,0.005440128741319272,-0.00469166771280638
561,2gh0_D,3,1,-0.06877657252801606,0.022467796477728827,-0.10515548895221687,0.032874570852556045,-0.032636902869957796
562,2gh0_D,14,1,0.5217473452994129,0.006671400658159382,0.05863601705349933,-0.0016909015844412956,-0.020522712259961162
563,2gh0_D,29,1,0.24399975111289351,0.04126256943057456,-0.008785575187323168,0.03627849532509775,-0.03896932068881975
564,2gh0_D,34,1,0.25357594478003853,0.02607117957979386,-0.08286043436482102,0.04249320825631217,-0.02726811384961847
565,2gh0_D,37,1,0.2834398353065395,0.011143189572207932,0.10701118313955768,0.01202343339123102,-0.012538359357917805
566,2gh0_D,39,1,0.6040429266632148,-0.04132403182730686,0.05420348372617917,-0.02537985276112764,-0.02657980756495948
567,2gh0_D,40,1,0.9802943779832167,0.03372500007273527,0.084027391323749,0.019725696822657568,-0.030021338988253987
568,2gh0_D,41,1,1.0560219942545634,-0.03370388088561643,-0.04171846492190788,-0.029492485185917905,-0.02189932482927892
569,2gh0_D,43,1,0.7446650994573704,-0.02927599531802781,-0.03389256022944778,-0.026585926576399854,-0.03153561281450368
570,2gh0_D,44,1,1.0344097161521277,-0.028464889008021868,0.021746431314874415,-0.025572728711807574,-0.029470693960526928
571,2gh0_D,48,1,1.1535240269311142,-0.036488504918181786,-0.023274579246253008,-0.03123524336585995,-0.02313827614166497
572,2gh0_D,52,1,1.0696272455990696,-0.030333348381242443,0.024471393053869472,-0.032950051735241306,0.004944620272418154
573,2gh0_D,61,1,0.6416480292740336,0.0019031545799928495,0.09000663307609771,0.009625280819720416,0.05698057539263113
574,2gh0_D,63,1,0.7813400362743654,0.011331373340170703,-0.03462114249032372,0.017724016338995258,0.01389260197298392
575,2gh0_D,80,1,0.12062275414841395,-0.0049578363685851695,-0.0532214929015357,0.0043021873903488494,-0.003177393886556912
576,2gh0_D,82,1,0.3433507795609947,0.027766503858261814,0.09704691028717796,0.023044587777296427,-0.0018007813172389309
577,2gh0_D,85,1,0.7136713496815242,0.04146974493710984,0.08702109328398278,0.03339342951775684,-0.021211018544620153
578,2gh0_D,87,1,0.5957413701499272,0.03681584507413839,0.0883099578547754,0.03729607322335193,-0.029883677731322278
579,2gh0_D,91,1,0.08897893655380895,-0.017159124023888216,-0.02542099655426744,-0.008286117410419264,-0.030296661502117628
580,2gkr_I,4,2,-0.5014627789678548,0.011007853780502341,0.07206396074181606,0.0019357391519413403,-0.013268456500198367
581,2gkr_I,5,2,-0.6258162384658632,0.03631754065044271,-0.018778030274456098,0.022050367232333,-0.027557575447836324
582,2gkr_I,7,2,-0.5348762829976639,-0.04068644566695179,-0.06940579136913758,-0.01964552978043793,-0.025072511283029675
583,2gkr_I,11,2,-0.5916666202403098,-0.01046006209039868,0.04340326965364891,-0.00174038163749754,-0.02084790220285848
584,2gkr_I,13,2,-0.5658774485222178,-0.012201503818645487,0.01775088512619105,-0.008472934871554927,-0.032900463402170566
585,2gkr_I,17,2,-0.34399579345360143,0.022321690472708933,-0.07726987162943383,0.020725811607105182,-0.04184669439547428
586,2gkr_I,22,2,-0.5672200592836669,-0.004566979319780631,-0.0005393151683992931,0.0009719131168295647,-0.03998289627186935
587,2gkr_I,23,2,-0.647786841907616,-0.06050188313821152,-0.05247876180727906,-0.04365280923188611,-0.04395899893555977
588,2gkr_I,26,2,-0.6709058711377753,-0.016484076605212478,-0.060162623213778244,0.01169255433068489,-0.042095200811954836
589,2gkr_I,27,2,-0.6990472743230616,-0.0019378821916125333,-0.055159849726788335,-0.015029258920654653,-0.040604162313070846
590,2gkr_I,29,2,-0.43090034461749377,-0.023169607849456347,-0.12019566872787987,-0.01836993303135709,-0.04010714948010974
591,2gkr_I,35,2,-0.5304728127652051,-0.022804098983008392,-0.10757217631923435,-0.018084027705812827,-0.040231402688349904
592,2gkr_I,36,2,-0.4139839302579197,-0.018127741492947477,-0.04854998728107973,-0.01569765245471544,-0.03451575510929472
593,2gkr_I,37,2,-0.35515635322803574,0.0020708572232143313,0.061931186105089825,-0.0033019831098638763,-0.0347642615257755
594,2gkr_I,38,2,-0.6348113435216449,0.023902433690383217,0.03894172535842441,0.010493953029776078,-0.03352172944337228
595,2gkr_I,39,2,-0.5751109839679012,0.004066655038142217,0.07005050668645788,0.0010804664732569497,-0.02097215541109887
596,2gkr_I,40,2,-0.5983402139832551,0.0009655993389910134,0.029867359566928237,-0.0060993935430379564,-0.0015886549256074467
597,2gkr_I,43,2,-0.6497032116635437,0.013278330962094076,0.04710223777343536,0.01472229887433757,-0.037746338523543255
598,2gkr_I,44,2,-0.32104437070686787,0.020768259714282478,-0.09949911101069583,0.015383276306237703,-0.040604162313070846
599,2gkr_I,46,2,-0.30126037925053095,0.005608943325993182,-0.04714920041521878,4.324555696155752e-05,-0.041598187978993506
600,2gpi_A,3,3,-0.17392201835371912,-0.013880224229956911,0.05704095265216598,0.009517347151441632,0.34754163179248954
601,2gpi_A,10,3,-0.5285121963444586,-0.050162150175614706,0.0017365842642106388,-0.03032991816127456,-0.006897695794129799
602,2gpi_A,11,3,-0.1982550991860509,0.0033412697950775394,0.008350262603705833,0.009391147426749236,-0.027207301724187838
603,2gpi_A,13,3,-0.31317664960498504,0.01623346431813774,0.0013797516908317653,0.015073385258107252,-0.0405431273047685
604,2gpi_A,14,3,-0.20718555776437897,0.015532581200258883,0.05662804842122533,0.013773428869408605,-0.03968669813904313
605,2gpi_A,22,3,-0.3582018241193125,0.000499092890468622,-0.05589264371126035,0.0025606798551436882,-0.04372414992031981
606,2gpi_A,26,3,0.08445591437078959,0.013992120009589992,-0.019415490976783495,0.007810237822582777,0.015002421443704339
607,2gpi_A,31,3,-0.2611942291057495,0.0158413557501364,-0.05010266729169674,0.011030488341278732,-0.03564924635776645
608,2gpi_A,40,3,-0.2758008353348079,-0.010503379177717695,-0.058752465474442434,-0.007175856601297603,-0.04347945587296964
609,2gpi_A,41,3,-0.2460930482438325,-0.01119597904129592,-0.03975406718548265,-0.00715863467760991,-0.041888944565193986
610,2gpi_A,45,3,-0.2595160466405011,-0.035509555270526016,0.0461878157012435,-0.017548492719478892,-0.02989893624503903
611,2gpi_A,48,3,-0.41257890437840317,0.002928046067879164,0.027943564154074868,0.008812183671453977,-0.03785149278391731
612,2gpi_A,49,3,-0.21543201438468285,0.0017404902832574565,0.10343930351449905,0.0173808592466608,-0.02084525649308544
613,2gpi_A,54,3,-0.38662351398592265,-0.011565675989598512,-0.04700904468613323,-0.008410670655850383,-0.041277209446818786
614,2gpi_A,66,3,-0.34921228972160934,0.010847451803015579,-0.006847256418184143,0.005495716799637257,-0.04139955647049365
615,2gpi_A,67,3,-0.28306209838662333,0.014285778836327437,0.05195701013671465,0.008060665214520688,-0.03503751123939125
616,2gpi_A,75,3,-0.16066421988093416,0.019818092501136753,0.08087918708237488,0.011664026878663955,-0.01533964042770819
617,2gpi_A,76,3,-0.4685380465207105,-0.02324618737456792,0.0460749356054152,-0.017909765052031346,-0.009956371386006024
618,2gpi_A,79,3,-0.5046449899874961,-0.038059167208374545,0.04723601774106315,-0.021403825222656686,-0.026595566605812637
619,2gpi_A,82,3,-0.5020655357802376,-0.04939895450971525,-0.04501464692830742,-0.03117278850114183,-0.027084954700512975
620,2hng_A,11,1,-0.09779616650940526,0.013273203847165085,0.02343008944923672,0.016526670372538826,-0.038831659431888044
621,2hng_A,12,1,-0.13186090578262222,0.03292033090220295,-0.0015181170892436813,0.022071708562843517,-0.04089657828586457
622,2hng_A,14,1,-0.008596952215385478,0.004068008038281015,-0.015794365752610243,0.0049069530886816926,-0.03745504686257006
623,2hng_A,15,1,-0.11464863038867557,0.030805461522864508,-0.003182812883752384,0.03317237282129254,-0.04117190079972821
624,2hng_A,16,1,-0.08281284811920209,0.034674009516085486,0.03873626124617567,0.032462760005101815,-0.03979528823041045
625,2hng_A,23,1,0.07208852729915916,-0.026533926206109157,0.04187212704054716,-0.02528310432235395,0.04872089997672435
626,2hng_A,54,1,-0.14218197274068756,0.03774235843836199,-0.04859099447079872,0.03188859045979017,-0.03979528823041045
627,2hng_A,67,1,-0.12269454422694687,0.02668481414536704,-0.021333668205130482,0.027369273611901113,-0.033325209154616786
628,2hng_A,74,1,-0.09054540007292722,0.04288596469715619,-0.050121283166906914,0.036204107443131295,-0.04309915839677303
629,2hng_A,92,1,0.0013557951789370248,-0.03562139317238372,0.03838835685395339,-0.03188956315378058,0.005357604043213504
630,2hng_A,95,1,-0.15134827495673464,-0.04064493329261634,0.020412964381127857,-0.03461693925693904,-0.0026267488588296306
631,2hng_A,101,1,-0.34077098044531956,-0.030256463648144424,-0.12875954253514038,-0.02866615701378719,-0.03979528823041045
632,2hng_A,104,1,-0.33521324792887286,-0.0323006394869851,-0.04983124733569119,-0.029039046405390706,-0.03896932068881975
633,2hng_A,106,1,-0.3633374179871833,-0.025037260377068535,-0.08755986620140166,-0.023227877775400724,-0.038418675661092694
634,2hng_A,108,1,-0.33746458355731435,-0.02854118252168504,0.019605214802067616,-0.02603886257484264,-0.04034593325813751
635,2hng_A,109,1,-0.3576283946354306,-0.035107974588102386,-0.12168368671179765,-0.03016273135699729,-0.03869399817495611
636,2hng_A,112,1,-0.2670804913466486,-0.03255952012173004,-0.038414183609386116,-0.02864339857677506,-0.036904401834843004
637,2hng_A,113,1,-0.28009661267545216,-0.022456257763036683,-0.04916953960020315,-0.021364268802802705,-0.036766740577911294
638,2hng_A,121,1,-0.403364811302075,0.026287087742463813,0.02308559039587124,0.03021581505094309,-0.034426499210070904
639,2hng_A,124,1,-0.4184720076600106,-0.007130788773568389,0.020520904069211504,0.018648677477980283,0.021876954875027277
640,2hy5_A,8,0,-0.7747706032121613,0.0005705107609254856,-0.13182589497900968,-0.004472549950140126,-0.045491487834991906
641,2hy5_A,9,0,-0.7172949503815986,-0.0033209843991691967,-0.05153453015257234,0.0003759286615445667,-0.041555270059357996
642,2hy5_A,21,0,-0.5021882035863638,-0.012878193796783344,0.028667049512049098,-0.01081690540092517,-0.04663426073759536
643,2hy5_A,23,0,-0.5181292404979664,-0.014968554812757329,0.005796495886269792,-0.01213752909460869,-0.04625333643672769
644,2hy5_A,27,0,-0.37285767697731176,-0.0038560215354537797,-0.018723694093457005,-0.0050289264916197896,-0.044729639233256346
645,2hy5_A,34,0,-0.6936632055195995,0.015893191663760242,-0.13356253347240124,0.03031026611766402,-0.042951992495873226
646,2hy5_A,36,0,-0.39046770593871793,-0.0022526392041285204,-0.08222223676689613,0.0035952195832251177,-0.04688821027150736
647,2hy5_A,40,0,-0.4176277225910077,0.003301771946482457,0.0020008768749120442,-0.0019287178737660282,-0.042571068195005335
648,2hy5_A,45,0,-0.4571773041624467,0.040637218828153854,-0.08729359658387723,0.024030805915743192,-0.04701518503846325
649,2hy5_A,46,0,-0.4154632798824329,0.027046765451471777,-0.1192574190684123,0.01737927657847843,-0.046761235504551246
650,2hy5_A,59,0,-0.37712188623223336,0.03422510083751085,-0.07446589509317834,0.02039155542225418,-0.0458724121358598
651,2hy5_A,60,0,-0.3496270656136067,-0.01516334465685909,-0.07781375903810467,-0.012078584414341675,-0.04625333643672769
652,2hy5_A,80,0,-0.2885914379744624,-0.021213974536369307,-0.0633832770952901,-0.0156384630223394,-0.04447568969934457
653,2hy5_A,86,0,-0.4853955758871501,-0.0535384072376721,-0.1155324336937617,-0.02982388959209567,-0.04663426073759536
654,2hy5_A,94,0,0.3451257560213252,0.006892208611660566,0.06475451867935361,0.0010435558107139697,-0.037619052283723864
655,2hy5_A,100,0,-0.334674443348983,-0.02032059656967461,-0.019581038831580896,-0.010786384507375124,-0.04599938690281569
656,2hy5_A,104,0,-0.5188097718257753,0.03580409976597712,0.11973095275287421,0.03269578367725612,-0.042444093428049445
657,2hy5_A,119,0,-0.24238360843886175,-0.011025980415733161,0.06101123069933456,-0.00966331065210757,-0.041682244826313886
658,2hy5_A,125,0,-0.3692120938422706,0.012176959426069195,-0.05527576309013797,0.014880920962687338,-0.04625333643672769
659,2hy5_A,126,0,-0.36629886334266815,-0.006448180403221787,-0.05022185452967435,0.0018522162088940863,-0.04663426073759536
660,2ia1_A,12,3,-0.3321945036723186,-0.002891251319915536,-0.0684390963404939,-0.0025020355203541483,-0.04091016837579353
661,2ia1_A,16,3,-0.3285658016677344,-0.0180388701627978,-0.0413158584726219,-0.011653953980804654,-0.038096186831267476
662,2ia1_A,19,3,-0.2906966767676502,0.01046625422672015,-0.06469237676589656,0.001365143875786845,-0.008488207101905232
663,2ia1_A,28,3,-0.16691713746960968,0.013092693061658861,-0.056689608515941486,0.014683066753599927,-0.042378332659894324
664,2ia1_A,35,3,-0.016434572415408244,0.025179793521003538,0.09753920497041779,0.025581035920736434,0.03800366189461357
665,2ia1_A,49,3,-0.04227078493845049,0.008252931541625999,0.012695207843327228,0.0017408229724570068,-0.002370855918152781
666,2ia1_A,65,3,-0.05082800486086503,-0.05595940027273935,0.05331507326689469,-0.037579304275431547,0.25015340094715
667,2ia1_A,68,3,0.16002165356898346,-0.019941659893135774,0.06014802838924013,-0.0130696766259603,0.09538441599821179
668,2ia1_A,72,3,0.002719988760930825,-0.02706863277383534,0.038991404345112404,-0.018877526021671004,-0.0027378969891780347
669,2ia1_A,73,3,-0.09983417824401541,-0.007935908873198047,-0.05894000480231687,-0.004741640666738947,-0.011791576741131848
670,2ia1_A,89,3,0.11356072588396493,0.007966176094278521,0.020534202715347144,0.0047378463646085694,0.003379454194574416
671,2ia1_A,104,3,0.2764273078697451,-0.011549864702417173,-0.02504938603839027,-0.006946387470190274,-0.031122406481789655
672,2ia1_A,112,3,0.1310602622204592,0.025385952965946673,0.027261585005645073,0.017069152745829486,-0.023536891013936412
673,2ia1_A,125,3,-0.24573783876080502,-0.015816165059760315,-0.006594864605255352,-0.011144459244977672,-0.04225598563621902
674,2ia1_A,130,3,-0.19589791081801677,-0.011469036441780447,-0.01149218714078716,-0.007433386120547114,-0.041032515399468616
675,2ia1_A,131,3,-0.12422346273311191,-0.020400563896290413,-0.005695224307089436,-0.013875247700626356,-0.041032515399468616
676,2ia1_A,144,3,0.008429857499078652,-0.002872501282947401,-0.006227621398992515,-0.0028894550814317493,-0.032835264813240395
677,2ia1_A,155,3,0.17355406546558794,0.005024930446130782,0.06210063410585466,0.0007611197389150309,-0.03161179457648977
678,2ia1_A,164,3,-0.3707732635930029,-0.05357389796500839,-0.042220900127382444,-0.036005500707560534,-0.03442577612101583
679,2ia1_A,174,3,1.1737959244434277,0.024005624177802692,0.14047601877027177,0.0183993685026968,0.8098910342605028
680,2ia1_B,4,3,-0.07867584517798742,-0.013076913653493255,0.04379379456182579,-0.008852540889299876,0.15521211057531126
681,2ia1_B,15,3,-0.3353252568886702,-0.020365688672395008,-0.07528230661559264,-0.01325627707756101,-0.03307995886059034
682,2ia1_B,18,3,-0.24430557420435028,0.004379973590305397,0.0036387273098448386,0.0014935009546464956,-0.007631777936180084
683,2ia1_B,20,3,-0.52976444729255,-0.019564962566270494,-0.06766782961970577,-0.015028773253212974,-0.009956371386006024
684,2ia1_B,37,3,0.3120739032789126,-0.04661790603139039,0.03142834213784815,-0.031859063749058364,0.02466783631403313
685,2ia1_B,40,3,-0.11821582240722228,0.0124439061560431,0.05594083659633853,0.013576896949273498,-0.03687271659451685
686,2ia1_B,41,3,-0.33010552891265676,0.0301949970113497,0.09043576566105913,0.019919773310826727,-0.04005373921006816
687,2ia1_B,43,3,-0.20552567524731935,0.020119370284660543,-0.049142276451265315,0.014004878240534452,-0.03858557492596759
688,2ia1_B,65,3,-0.015523060046112258,-0.057802985370573684,0.04704681779962713,-0.04017119614863468,0.1563132337883868
689,2ia1_B,72,3,-0.027039450890903427,-0.008004245174838415,0.043411539821890985,-0.005549688232461228,-0.009099942220280655
690,2ia1_B,91,3,0.25654031111751097,0.011658053888275635,0.004888104573368662,0.003244367010153626,0.048525505930667956
691,2ia1_B,94,3,-0.048060882388932136,-0.031395893934115404,0.007995846483652091,-0.036523675911788706,-0.01277035293053208
692,2ia1_B,107,3,0.1390031623644563,-0.04159440477671268,0.03062368815526459,-0.027949306301304294,0.07666532137592919
693,2ia1_B,115,3,-0.2785651803286462,0.027320000444687964,0.01126521616129178,0.02720656921196843,-0.03210118267119011
694,2ia1_B,132,3,-0.11952120240524289,-0.003924370107761796,-0.04538367252752473,-0.00459700927976299,-0.03626098147614165
695,2ia1_B,134,3,-0.016903307637189724,0.00034146609355545365,0.0653704433126511,0.004672889054495893,-0.01277035293053208
696,2ia1_B,145,3,0.012142141258036587,-0.015873662896860125,0.0418890327737932,-0.010417862508501421,-0.028920160055638577
697,2ia1_B,147,3,-0.12691125741591547,-0.011039109391012075,-0.08407457537710855,-0.007328119996815249,-0.03675036957084177
698,2ia1_B,167,3,-0.09237515132472529,0.03149767870491643,0.13889931457456767,0.01630596013895036,0.2203007271704377
699,2ia1_B,173,3,0.9808595180442938,0.0383145925750952,0.13790802448139383,0.022316336070122123,0.7505527277781034
700,2jft_A,12,2,-0.11904031138284621,0.021445380184610674,-0.045581958116196614,0.020834358413703763,-0.04756234197452924
701,2jft_A,13,2,-0.31123301221103317,0.0060872796286319045,-0.04238514458627286,0.02044929771772435,-0.04644406310036642
702,2jft_A,19,2,-0.13161650394322266,-0.025608894403983895,0.03660345061631021,-0.01936785454905221,-0.032900463402170566
703,2jft_A,26,2,-0.09434207047474175,0.017649329897411498,0.02028894680366844,0.02181600878126247,-0.045574290642684145
704,2jft_A,27,2,0.14638228251248186,0.014279015104464277,0.07268871435714025,0.017636628296252538,-0.040231402688349904
705,2jft_A,60,2,-0.30496389494472664,-0.0233338028515587,0.023794674264171436,0.00582116534239982,-0.042219454020195224
706,2jft_A,65,2,-0.2010042648170327,-0.026000184869467424,-0.05428614233744486,-0.02120215416197946,-0.04768659518276963
707,2jft_A,93,2,-0.08450872573762952,0.02386919347990446,0.01612559542979619,0.02953511740010606,-0.04880487405693246
708,2jft_A,100,2,0.402759233566102,0.006269636758319874,0.08108096311650342,-0.003091578067573264,-0.029918386404402586
709,2jft_A,102,2,0.03581646752975165,-0.0008134093635571021,0.0777084106280789,0.00083633824833175,-0.028924360738479926
710,2jft_A,109,2,0.007179004698277702,0.024291675282898842,-0.06642931471667543,0.018780795658926958,-0.048059354807490795
711,2jft_A,141,2,0.2966689913431084,-0.0342922937784389,-0.04341808526472851,-0.02548126197163353,-0.041225428354272564
712,2jft_A,151,2,-0.023527643267158838,-0.020738437516255287,-0.0021329704742359956,-0.01543195992177776,-0.01749306558036956
713,2jft_A,155,2,0.07494089832429024,0.006098562693570897,-0.06155623176771288,0.00705803359594559,-0.043586239310838826
714,2jft_A,179,2,-0.136813520128458,0.017923659261990743,-0.03077829789054015,0.016719016328443248,-0.04830786122397135
715,2jft_A,182,2,-0.154276421058879,0.010018579590581445,-0.06971984907761779,0.016560171311440608,-0.04880487405693246
716,2jft_A,185,2,-0.04458607732544961,0.029775247320636883,-0.09761212804992661,0.02198750208422856,-0.03352172944337228
717,2jft_A,209,2,-0.36044028295598834,-0.009411378660451691,-0.13215822510495587,-0.009800257214608837,-0.04818360801573096
718,2jft_A,215,2,-0.19692303122374444,-0.007929856687935513,-0.09312268945530708,-0.010039945463178185,-0.046568316308606805
719,2jft_A,230,2,-0.2999609173188922,0.03136725279000399,-0.03941803077695483,0.028404315993525053,-0.04818360801573096
720,2nqw_A,2,0,0.9444955600025691,0.016187226100126628,0.1600492527975149,0.015369589049925914,0.50799152132594
721,2nqw_A,5,0,0.25429085181085753,0.059858866944004996,0.17036187910941322,0.03642466912722425,0.1636359533414371
722,2nqw_A,13,0,-0.12671360699164325,0.03807459199747826,-0.01604160934909904,0.027435971137053372,-0.004224688574312241
723,2nqw_A,19,0,0.17086674309278893,-0.004614252748858572,-0.05419560523448924,0.00010771152581001697,-0.039904598088930765
724,2nqw_A,28,0,-0.0024121317516279106,-0.00842333101186632,-0.07095309157127033,-0.007938596027342204,-0.02644527279160136
725,2nqw_A,29,0,0.15593748083143844,-0.007833348143522767,0.04836998925373537,-0.007162275392047668,-0.023016954083791008
726,2nqw_A,32,0,-0.04646686722020288,-0.036147880354628126,0.06647137936716058,-0.022493496131918422,-0.015525442833390635
727,2nqw_A,36,0,-0.20759050268114732,-0.0024160999265623595,0.06680421548344403,-0.003567117690784327,0.015583375070814087
728,2nqw_A,45,0,-0.28615656640429543,-0.04049501491377988,-0.04512240079470581,-0.029163559009753925,-0.019461660609024767
729,2nqw_A,54,0,-0.06583375085455767,0.0007062136144382336,-0.013646858518339466,-0.0015365110530434212,-0.023905777452482457
730,2nqw_A,59,0,-0.05674732740410349,0.01914741631197084,0.09658482806146373,0.01111329098428221,0.006695141383898262
731,2nqw_A,60,0,-0.16272980194611164,0.0010266408488768808,-0.019272636398005916,0.007625064465636822,-0.010065527854285383
732,2nqw_A,64,0,-0.37309317820645016,-0.052985707057398024,-0.008702157747924863,-0.033776484181758104,-0.04041249715675432
733,2nqw_A,65,0,-0.06676680697628556,-0.002240190159488606,0.081198184161932,0.0025988371212600503,-0.041428295292401884
734,2nqw_A,66,0,-0.05404589716338881,0.007811461505298711,0.02578102401145954,0.0064449903265901,-0.03317493544026595
735,2nqw_A,78,0,0.22075679890807287,0.002307135384138556,0.047367870237031956,-0.0025584865168030435,-0.03304796067331006
736,2nqw_A,82,0,0.32193640385037836,-0.017985082898480304,0.03340567600349312,-0.008105103379489775,0.004536570345647473
737,2nqw_A,83,0,0.12296680960215733,0.031456233045163096,-0.07632758655093219,0.02083730741603823,-0.039015774720239094
738,2nqw_A,88,0,-0.10163916095675651,0.0381703475722458,-0.10918428315600906,0.02530660310273869,-0.041174345758490105
739,2nqw_A,90,0,-0.21271433073864576,0.026299682922965778,-0.08221031470240393,0.02301892121032545,-0.023905777452482457
740,2p6v_A,11,4,0.3744668338961803,-0.003032488637541214,0.04718984847703628,-0.0018200817032529848,0.1368583388597442
741,2p6v_A,12,4,0.36665022743174336,-0.013260837432548356,0.04577937582347928,-0.008028274780866373,0.06726365424010394
742,2p6v_A,13,4,0.25190795607177163,0.0025952294562403,0.03605279694898522,0.0025395224936397565,0.0458813343080422
743,2p6v_A,16,4,0.21931307013073253,0.0034221121750005745,0.040165132462589764,0.002929951526004393,-0.02916107513505306
744,2p6v_A,25,4,-0.1281588133242646,0.000750813485545232,-0.03186942141572069,0.0009616264466767999,-0.046321408328937164
745,2p6v_A,30,4,0.14071858455760844,-0.014382429640856176,-0.047736652111636454,-0.009121129742239054,-0.013226480026446552
746,2p6v_A,31,4,0.18886721409171892,0.024957953760238016,0.05673797711208278,0.016215894722085122,-0.002739609741295501
747,2p6v_A,37,4,0.08477632136674762,-0.028900514919163012,-0.010560882621383882,-0.021321655633641967,0.030219125440608563
748,2p6v_A,54,4,0.028199858450052795,0.043463993132792506,-0.00920626638432702,0.031186998574722763,-0.04318896655545035
749,2p6v_A,58,4,-0.10249387088713824,-0.035347366152917614,-0.026649428064431727,-0.021778249466920252,-0.04237180783193195
750,2p6v_A,59,4,0.035340420016052976,0.046096464180479385,-0.09242508576580635,0.038440116522555884,-0.04468709088190037
751,2p6v_A,61,4,0.11118960139184397,-0.02260726502714816,0.05224359718388155,-0.013147419513884262,-0.04713856705245534
752,2p6v_A,70,4,0.22598447655163956,0.034149309885395523,0.07215441289217069,0.020495979630155897,-0.018129432367556264
753,2p6v_A,81,4,0.14601638861414712,-0.007480998922465176,-0.048513419760914986,-0.003980061172582594,-0.044959477123073466
754,2p6v_A,82,4,0.0210390087468888,-0.015566455230655557,-0.0827626512453683,-0.008829999177974335,-0.046321408328937164
755,2p6v_A,86,4,0.044812182265464684,0.014012388809715587,-0.10286876138488062,0.01019732075985269,-0.044278511520141395
756,2p6v_A,92,4,0.09404508304760428,0.03670187190924051,0.07845014242364139,0.030781787257157855,-0.02589244024098014
757,2p6v_A,100,4,0.030155436308148986,-0.010087384825561596,-0.11434203813919866,-0.004998234892107545,-0.03637931052613119
758,2p6v_A,104,4,0.2054148851208878,0.0474600936549569,-0.07072124462228029,0.026436215036669874,0.03948025764048246
759,2p6v_A,106,4,0.22441694682096958,0.04469342810401167,0.17970912712338627,0.023514379158801002,0.3564016492449892
760,2qq4_B,15,0,-0.24612728924603156,-0.014121401067071604,-0.1133065147618645,-0.011519121378595065,-0.04269804296196145
761,2qq4_B,17,0,-0.5037991184812629,-0.02036633030015972,0.09288322827064643,-0.010662464779914615,-0.042571068195005335
762,2qq4_B,18,0,-0.5730484362773411,0.05554437136790785,-0.037317549337382516,0.03502995197685216,-0.04523753830108013
763,2qq4_B,31,0,-0.5233573694012069,-0.009712772739085773,-0.07163187935464244,0.0003205133648886971,-0.04574543736890391
764,2qq4_B,37,0,0.3380728482795663,0.017038213933225327,0.08443884360208731,0.010190914524069505,0.02294791155425835
765,2qq4_B,42,0,-0.1485025789360439,0.00026617631415874754,-0.09131028788555315,0.0011908652123406305,-0.045618462601947796
766,2qq4_B,52,0,-0.10261771618315207,0.02081475768461219,-0.0007145135618257942,0.010601640754893032,-0.04447568969934457
767,2qq4_B,58,0,-0.2372912905579596,0.007020785961315709,-0.07271748036159201,0.0011830512439438279,-0.046761235504551246
768,2qq4_B,68,0,-0.1903856107586932,-0.008404560025618901,-0.08608275993298434,-0.007114456210880193,-0.046126361669771576
769,2qq4_B,69,0,-0.22441195924943214,-0.013220504987519088,-0.12675333406397254,-0.010761156509091152,-0.046761235504551246
770,2qq4_B,71,0,-0.3098448418374235,-0.015453625498988433,-0.12946560234412136,-0.012265487314906232,-0.04714215980541914
771,2qq4_B,76,0,-0.20032041278681112,0.011833731030105155,0.04072369388774216,0.004324399201423856,-0.0458724121358598
772,2qq4_B,79,0,-0.3660006242306856,-0.011861818165720628,-0.00801855483966854,-0.0015566345553861272,-0.04511056353412424
773,2qq4_B,83,0,-0.19040427762787027,-0.027753344742695973,0.061319562804457245,-0.019787410180203302,-0.04269804296196145
774,2qq4_B,90,0,-0.24455489561982513,-0.011149172052772882,0.040198062291259135,-0.009278600165327833,-0.042571068195005335
775,2qq4_B,98,0,-0.10010944086295304,0.0300979242919312,0.06791205283580232,0.01926464482070911,-0.015271493299478855
776,2qq4_B,102,0,0.027227876658566075,0.020262308652859218,0.0001309065028991807,0.014400443361169468,0.03666118638549953
777,2qq4_B,105,0,0.325505743077962,-0.01172567112426981,0.0466080964746452,-0.009364040607075241,-0.007906956816034372
778,2qq4_B,107,0,0.15958669667676173,-0.058176118401121135,0.05839764039228365,-0.04856340610141324,-0.02352485315161479
779,2qq4_B,116,0,0.01986127972854168,0.013867279854523518,-0.08157398010348671,0.006747257312401167,-0.02746107092724892
780,2rjw_A,5,1,-0.4397805006012606,0.03013391591144439,0.023519259358718708,0.03001771570195985,0.016645827111619438
781,2rjw_A,6,1,-0.08849187974226636,0.03909268052707769,0.02209829314018001,0.033537694553908454,0.01471856951457462
782,2rjw_A,11,1,-0.25165747075068634,-0.017670526822888694,-0.05275268675274236,-0.018794741899463924,-0.004829328969738311
783,2rjw_A,12,1,-0.13036835577175376,-0.010460013185573658,-0.060099215334687844,-0.015450354984448217,0.0031550239323050455
784,2rjw_A,13,1,0.019919350866507424,0.01799963502221162,0.06444895013251561,0.009310714241844958,0.023253567444345036
785,2rjw_A,16,1,0.159907799068839,0.04330101542972281,0.0753564360158542,0.030569999679232795,0.04899622249058799
786,2rjw_A,24,1,-0.1999809907379373,0.0053541572683675764,0.05391523715395982,0.007644702968895106,0.021326309847299996
787,2rjw_A,27,1,-0.31421747770645225,-0.04416921449834907,-0.0204485106131842,-0.02773910388858536,0.03247687165877422
788,2rjw_A,28,1,-0.22922296807515397,0.005928468394687178,-0.08605961469832853,-0.00017313857186279646,0.0017784113629872866
789,2rjw_A,31,1,-0.18762149302707642,0.02110496718759995,-0.08345788961381324,0.01416341768871962,0.0006771213075329463
790,2rjw_A,32,1,-0.041685177664715134,-0.027631184905790945,-0.11234108709692696,-0.021798972972642522,0.005357604043213504
791,2rjw_A,34,1,-0.10940527984000736,0.03416217551815352,0.08535333997804015,0.021767935754554685,0.030962597832524752
792,2rjw_A,39,1,-0.20764852011898172,-0.031146725591981284,0.03677117955023451,-0.028009178420579373,-0.001387797546443803
793,2rjw_A,45,1,-0.21072094482289305,0.03843846976765583,0.06675533087404434,0.023489539328413855,0.018710745965596187
794,2rjw_A,46,1,-0.11945814016431777,-0.03779543393206089,0.03542295613208077,-0.033209473611820556,0.008248490438780953
795,2rjw_A,53,1,-0.04417699032786948,0.019493618677734373,0.08217944694357482,0.010206571432816364,-0.0040033614281476115
796,2rjw_A,55,1,-0.16099066293087816,-0.032037566502063394,0.02510933684766914,-0.02881302832687438,-0.032223919099162446
797,2rjw_A,57,1,-0.2240471304921725,-0.029200332657940975,-0.02968731488267759,-0.028364773718886904,-0.017356503350530295
798,2rjw_A,59,1,-0.3123024987788555,-0.020484113239500473,-0.008067755886117578,-0.01989402940845167,-0.02726811384961847
799,2rjw_A,64,1,-0.3204984386614287,-0.014977058503272078,-0.01916102291773536,-0.014596215174723065,0.004256313987759386
800,2vm5_A,4,2,0.01007453542303649,0.005177759467861434,0.035622302474432876,0.0031031209548857963,0.0815367413871726
801,2vm5_A,7,2,0.21192773991502722,0.05867653887358486,0.13177206746246023,0.03748956276982768,0.29811008335006606
802,2vm5_A,13,2,0.2677903854939414,-0.02466574389895751,0.06779737750437356,-0.017870593632540593,0.31401449400482817
803,2vm5_A,21,2,0.2057730655801131,-0.016345691240202936,0.011280466804184264,-0.014627048974963003,-0.011777418001314599
804,2vm5_A,25,2,0.10465857627052988,0.009404466342088746,0.06590572809549301,0.0008346591644534662,-0.010659139127151551
805,2vm5_A,28,2,-0.034268881363811676,0.030189024696399558,0.08320406323503071,0.01389638499714288,0.015185528186836939
806,2vm5_A,34,2,0.3421460188146417,-0.021807833580704705,-0.06278238244338005,-0.017662669128943265,0.05966817673687452
807,2vm5_A,40,2,0.15151439780007447,-0.01783252232272338,0.0305688072154619,-0.016451327049049447,-0.020599395786377928
808,2vm5_A,41,2,0.1377560748576765,-0.01980297817190116,-0.01859587807633363,-0.017443575230885744,-0.023705725992386073
809,2vm5_A,43,2,0.040719534388156564,-0.003788224421573394,-0.08781760634804658,-0.00534796627531664,-0.030291146029123528
810,2vm5_A,47,2,0.022379065746387372,-0.05023225694081429,-0.05171787053426674,-0.0346131618054131,-0.028054588280797654
811,2vm5_A,62,2,0.03719422883582224,-0.022012695715333375,0.03383702546829709,-0.012664944566194047,0.02574705088726481
812,2vm5_A,71,2,0.10410374387994037,0.00974621715460966,0.04919893177921944,0.01667264921651579,0.05643759332262621
813,2vm5_A,73,2,-0.02806743442944515,-0.024519105736507008,0.0871206219386009,-0.012723996474521077,-0.0020856677585689987
814,2vm5_A,78,2,0.16283294408852622,-0.015840170380068005,-0.06985787707950375,-0.014020279553519227,-0.02445124524182818
815,2vm5_A,80,2,0.34544081096475976,-0.004883127737846271,0.05838738804587407,-0.009478228473549372,0.0021389413216024167
816,2vm5_A,81,2,0.27631447893444483,0.00640622374652447,-0.006683654882166545,-0.002476812796358807,-0.004073719090414096
817,2vm5_A,82,2,0.05651035749951894,-0.010332288306360071,-0.015032341483495582,-0.0022941466812095856,-0.005813264005778862
818,2vm5_A,91,2,0.5913802518714418,-0.0018969970317753992,0.06091507940343882,-0.006961653723442901,0.005742284360571892
819,2vm5_A,102,2,1.1125798873428896,0.05049963627909587,0.1413786304205858,0.03320972953777937,0.07631810664107874
820,2waw_A,25,4,-0.48921260244987597,-6.99764412454007e-06,0.06164230905668042,-0.0018554723472947177,-0.024530509035116443
821,2waw_A,38,4,-0.2576513587329379,-0.01807498998125956,0.057070892760827746,-0.011260245425836535,-0.03692408300847694
822,2waw_A,46,4,-0.3072077128534574,0.02706055060062862,-0.08533374592992068,0.03342896177357094,-0.03528976556144037
823,2waw_A,47,4,-0.07420162086429394,-0.0063433632608249635,-0.05383446879903327,-0.011176868335648904,-0.04346135279662322
824,2waw_A,48,4,-0.17450530982472573,-0.0060119141872135295,-0.0615738069208889,-0.00734259156104794,-0.04577663584659142
825,2waw_A,72,4,-0.04440999809362445,-0.009862941037961592,0.027985681421297717,-0.0042174310939464,0.008019646785028423
826,2waw_A,84,4,-0.22054812461279166,0.006036991790284746,-0.12048025249886268,0.004922731496721455,0.054325307784397925
827,2waw_A,106,4,-0.4177276345472427,0.04038074727985838,-0.11232170162678409,0.03658101922782314,-0.010775003855891807
828,2waw_A,109,4,-0.26678631080089177,-0.040647618362964905,0.04003051737829774,-0.024446956721214164,-0.029705847617398806
829,2waw_A,117,4,-0.15768864073637612,-0.025104053282572147,-0.018524517782079433,-0.014735367601357158,-0.03951175229961801
830,2waw_A,122,4,-0.11491055864226907,-0.02250173977919559,0.112125463107519,-0.0009909093079129294,0.012514019764379158
831,2waw_A,126,4,-0.11843606877558144,-0.011989447193456959,-0.05613334369393955,-0.01179727499480443,-0.038694593576099834
832,2waw_A,135,4,-0.026023024389448923,0.002080716445867159,0.007239869100217011,-0.0014877945146718474,-0.00737017584123234
833,2waw_A,136,4,-0.45461778095058697,-0.01282126771109382,-0.026074557118502956,-0.013561587868140462,-0.020444715417524684
834,2waw_A,142,4,0.026527845691347696,0.04591056746317221,-0.023413603593605226,0.034454564285466116,-0.023849543432184372
835,2waw_A,147,4,-0.0502081993391571,0.005256052777152825,0.05065899237736385,0.004699803998593488,0.03961645076106879
836,2waw_A,170,4,-0.11805368458382659,0.028567220438906388,-0.0010942804602957074,0.015225964434489925,-0.03842220733492696
837,2waw_A,179,4,-0.20975875751789486,0.04658187750232212,-0.059235550411026267,0.023162479969765004,0.012922599126138135
838,2waw_A,180,4,-0.16153095814272,-0.01572106661520778,-0.02257329959547333,-0.009701414368771089,0.03416872593761355
839,2waw_A,187,4,-0.20028404971137292,-0.0037448474277615995,0.012128556666759105,-0.0013829119514595645,-0.011592162579410203
840,2wb6_A,4,1,1.1452746196073462,0.051101538683331976,0.13492784112031905,0.033035965885068796,0.7393674260034662
841,2wb6_A,5,1,0.9799114880378281,0.032575829607129944,0.13751199105890563,0.029701025445440843,0.7624945171680053
842,2wb6_A,7,1,0.531613035497807,0.00975523078681989,0.11219781643402313,0.005975473452146912,0.7300064605321052
843,2wb6_A,32,1,0.1320491805860311,0.04963953969362711,0.1244136682002507,0.04691814972818764,0.2151533596072468
844,2wb6_A,46,1,-0.11018604126929599,-0.0190283459406934,-0.056715668211998166,-0.018711764460381503,0.022565261159686045
845,2wb6_A,49,1,0.12016167257224275,-0.008226564829056981,-0.0551798916821549,-0.012608574287236496,0.05064815757376917
846,2wb6_A,50,1,0.09839464700120115,-0.01592281097903707,-0.08520758326902876,-0.016579698385702696,0.043765094727180154
847,2wb6_A,51,1,0.16863926222929804,-0.026561374420077888,-0.012987408566984188,-0.023558869261766036,0.03839630570684083
848,2wb6_A,57,1,0.1621634702673368,0.03172416190815677,0.061490378102449575,0.03171049290429373,-0.02520319499564172
849,2wb6_A,70,1,0.23358400006918345,0.012150555565219823,0.02417789666471247,0.028518661012644386,0.106538627888072
850,2wb6_A,71,1,0.14416339016561674,0.04298752119330833,0.011680673039707032,0.030769921048924564,0.0532637214554732
851,2wb6_A,77,1,0.29327300704545,-0.031883830403197894,-0.04105695106792939,-0.02812059268284184,-0.003728038914283971
852,2wb6_A,81,1,-0.04984407041995842,-0.02326104104599598,0.005836318218627609,-0.0117118733638462,-0.019146099690643403
853,2wb6_A,82,1,0.4253390172981045,0.02713754679031158,0.08642501599624774,0.038602704506729174,-0.032636902869957796
854,2wb6_A,85,1,0.2359454618354313,-0.055634283984943814,0.011192260813140759,-0.044749665607096895,-0.0012501362895118717
855,2wb6_A,98,1,0.056452629317421454,-0.030077290321329997,0.0218351860474498,-0.028940726930026694,0.008523812952644594
856,2wb6_A,111,1,0.2598218511774335,0.029758406600231685,0.10643543223671789,0.030816992623349693,0.022289938645822627
857,2wb6_A,113,1,0.021470974226308392,0.013212351273136469,0.06269873818776889,0.010067327218509337,0.020638003562641227
858,2wb6_A,117,1,0.11650041617371143,0.02832963675548658,-0.02233131379652116,0.034801242547913,0.0027420401615096957
859,2wb6_A,119,1,0.14360651461049168,0.034585944227486176,0.014163006679479562,0.04042547248593048,0.045279368553429844
860,2x9o_A,2,1,0.279623600462525,0.004921693571920495,0.0349530912238227,0.02055064993141803,0.7034378379442715
861,2x9o_A,8,1,-0.3848379574179718,-0.03565914824948713,-0.042286843494282855,-0.032277775448759566,0.07212331365512692
862,2x9o_A,22,1,-0.2548868542655739,0.005343356218544162,0.05726712977488835,-0.005191620214652942,-0.03896932068881975
863,2x9o_A,32,1,-0.25606940422154145,0.0026347639633323844,0.11512811593712852,0.012110472235198594,-0.008821505420759879
864,2x9o_A,40,1,0.03422988264942539,0.045369463969148,0.005784644440083114,0.0428675889250176,0.08919330951466775
865,2x9o_A,45,1,-0.11789512831125082,0.03394880860663721,0.051711492395187575,0.038283774411906196,-0.02492787248177808
866,2x9o_A,51,1,-0.10558092736003799,0.071048570282107,0.07119981176421247,0.05646531626532694,-0.04282383588290961
867,2x9o_A,52,1,-0.08934898860804064,0.03577257599735248,0.017222512696456527,0.03196579248609016,-0.03993294948734216
868,2x9o_A,71,1,-0.04601876160920915,0.02125744813247349,-0.037707729240701746,0.02235217693972824,-0.012951343128713155
869,2x9o_A,80,1,-0.44025740583787387,-0.0006506654737787332,0.004056654343964017,-0.0056164110770732245,-0.04034593325813751
870,2x9o_A,107,1,0.0727235615592699,0.04512257903366074,-0.06436999940651207,0.028651460961830466,-0.03979528823041045
871,2x9o_A,110,1,-0.31235581560565195,0.05658594990939492,-0.0952234888560235,0.052435739061354125,-0.03704206309177471
872,2x9o_A,116,1,-0.06009304288991524,-0.03307763041832104,0.01856953269057754,-0.03136473683145688,-0.032774564126889505
873,2x9o_A,130,1,0.009094400925199198,0.03771130645728554,0.08121221767757417,0.02657852862567535,-0.020798034773824803
874,2x9o_A,146,1,0.3659590987867649,0.03927052791208692,-0.02753409593328887,0.028047075104406793,0.08231024666807873
875,2x9o_A,213,1,0.10008488054025966,0.04877690372011248,0.06130947983480328,0.03603932050871636,0.15003958507851456
876,2x9o_A,217,1,-0.0954634820349548,-0.030471195548095922,0.027594922478974798,-0.026913497013715787,0.0693700885164914
877,2x9o_A,218,1,-0.1988524061186432,-0.0389652957336612,-0.02549656878833234,-0.033193628862408536,0.05684291413569942
878,2x9o_A,235,1,-0.5032773513439244,0.031272173588145394,-0.029159236644703518,0.02435925123205343,-0.017907148378257354
879,2x9o_A,236,1,-0.3881828632025681,-0.04262969871676882,-0.10325402231417945,-0.03064219833929252,-0.018320132149052704
880,2yzs_B,17,4,0.7844977091856414,-0.021169926805568368,0.020524655734084907,-0.016958172382803338,0.0013461838762960365
881,2yzs_B,20,4,0.7060516575916065,-0.014501420772041251,0.03431321817400808,-0.007243200927772808,-0.028071530170362013
882,2yzs_B,22,4,0.6598301578151575,-0.015405005399189986,0.01830462858395343,-0.008440022796628754,-0.013771252508792298
883,2yzs_B,67,4,0.5319296124935041,-0.015768627979640376,-0.02821083341783709,-0.004848067550387664,0.23137636454669197
884,2yzs_B,69,4,0.7394715529742826,0.029813819918172363,-0.12114561400015797,0.01831406614293213,0.11697414325413269
885,2yzs_B,83,4,0.44825358809460525,-0.03272604502678232,0.03649616633335925,-0.03600296920644566,0.16763798411226616
886,2yzs_B,101,4,-0.08297934298015586,-0.008041524897337088,-0.05532802655505453,-0.004532952916088018,-0.04550424960541877
887,2yzs_B,104,4,-0.12082213273061426,0.010157558725998439,-0.05516183510719877,0.008909986128768366,-0.04604902208776429
888,2yzs_B,125,4,0.19093894161005331,-0.01318229837436749,0.0004660834097668376,-0.006682808264453,-0.038966979817272485
889,2yzs_B,141,4,0.10716397026741697,-0.011242307930681233,-0.03714755748977082,-0.0051628681099840645,-0.01595034243817417
890,2yzs_B,159,4,0.24855726301912906,0.004638517094059935,0.06594033156923154,0.0029506560961199413,0.006112943096819201
891,2yzs_B,165,4,0.6841742569246702,-0.015413901690284226,0.0021412723503959202,0.012594726522826116,0.12024277814820583
892,2yzs_B,197,4,0.20787203594530013,0.027589407297366142,0.01228343062513887,0.014593874862448564,0.03798213331403222
893,2yzs_B,216,4,-0.04693029962242923,-0.0028413282850041355,-0.12574619565474418,-0.0026786146724304127,-0.031067778823262504
894,2yzs_B,231,4,0.020803608794582762,-0.016480202472539784,-0.050113834581412775,-0.010078171214461806,-0.04741095329362821
895,2yzs_B,234,4,0.1434821333677917,0.00409356328457558,-0.0038499135766064674,0.0034583565137497607,-0.04468709088190037
896,2yzs_B,262,4,0.2643883432290809,0.005371892685812868,0.059482909901606734,0.004219164408013953,-0.042235614711345626
897,2yzs_B,268,4,0.17032090863876814,-0.022278222589524665,-0.03249642723654032,-0.013120798044497062,-0.040601297264309055
898,2yzs_B,274,4,0.5288940866592176,0.0039572915124290176,0.07492344437481271,0.003315911822555362,-0.01894659109107466
899,2yzs_B,283,4,0.43259507999115066,-0.006749433704464708,0.0038910694789205807,-0.0009191658051390661,-0.03814982109375431
900,2znr_A,12,3,-0.32735003673629726,-0.0010306542923554374,-0.06933595568625614,0.001752377294357288,-0.04458057908604496
901,2znr_A,15,3,-0.6790425549012533,0.011440201993472135,-0.06273945458717754,0.0048607009438036974,-0.03332465290794051
902,2znr_A,21,3,-0.46847239639534694,-0.012820248575674917,-0.045078360561634626,-0.007726890476494261,-0.04201129158886907
903,2znr_A,75,3,-0.16645667716118928,-0.0015080254915193214,0.03366898330195464,-0.000712365116532665,-0.030510671363414454
904,2znr_A,80,3,-0.34080386748238034,-0.03545558529350233,0.006054106278466503,-0.017937798520118953,-0.031122406481789655
905,2znr_A,85,3,-0.12015279166101461,0.03144485846784012,-0.064790502280209,0.013568202276706715,-0.04445823206236987
906,2znr_A,89,3,-0.1726046697244692,0.014398875125936711,-0.0813375876856017,0.010181244450934074,-0.04396884396766976
907,2znr_A,91,3,-0.4233460490684322,0.027698640006405262,-0.10689569090650261,0.034021648960829015,-0.028553118984613546
908,2znr_A,92,3,-0.3073920772177565,-0.021399149285107333,-0.08248147688809845,-0.01848173733861483,-0.012036270788481795
909,2znr_A,93,3,-0.3425104567112053,-0.05188532213054475,-0.02108147745723024,-0.03687419277305021,-0.02378158506128658
910,2znr_A,113,3,-0.4102804658643825,0.04638041726488133,0.052502452596126625,0.040965894779368156,-0.03711741064186702
911,2znr_A,116,3,-0.1928310692780804,-0.003249380394261203,-0.08560731028981658,0.00019567787477681176,-0.04543700825177055
912,2znr_A,125,3,-0.3247213496837086,-0.04005706220907389,0.040882919062582124,-0.022004253097612086,-0.027329648747863144
913,2znr_A,135,3,0.028259969120943862,-0.003131048749003759,-0.024281734292539603,-0.002107289409301924,-0.0313671005291396
914,2znr_A,151,3,0.2838709851714951,-0.01656827847671627,0.0661524757036574,-0.012731332818210733,-0.025983831487437437
915,2znr_A,156,3,-0.2641413944276012,-0.006657672298010897,0.013651194331127797,-0.0038236819413793866,-0.018887704114284753
916,2znr_A,162,3,-0.49595304448105826,0.0412801359888328,0.1206772170217796,0.031787880400097834,-0.019254745185309785
917,2znr_A,170,3,-0.49983129820922956,0.004228727772066676,-0.035900089575636146,0.011884050530427293,-0.03503751123939125
918,2znr_A,171,3,-0.6101891535761499,0.014587663619534286,-0.08839975505482989,0.009991415298215456,-0.039564351115368046
919,2znr_A,175,3,-0.2570520702491325,0.01031584791418233,-0.02286306911905367,0.011591483932664931,-0.035159858263066335
920,3a0y_B,6,3,-0.44877018133075497,0.010045895061465318,-0.020460083326532513,0.008274640920337584,-0.0411548624231437
921,3a0y_B,15,3,-0.5355725225449406,-0.0027386409139004697,0.04435617623201918,-0.0031312169405458,-0.024148626132311612
922,3a0y_B,26,3,-0.6439097161157071,-0.030795490581554077,-0.031124684200632774,-0.022793418122125653,-0.034548123144691134
923,3a0y_B,31,3,-0.3813233184154593,0.002573702107013992,0.05353848844472159,0.009053168951462465,-0.03968669813904313
924,3a0y_B,35,3,-0.50379681572993,-0.06620566374505624,-0.02241248123969672,-0.04937665682167569,-0.029531895174013778
925,3a0y_B,38,3,-0.5377063652645615,0.011867125315665,-0.017423247477317938,0.011327061290495044,-0.03626098147614165
926,3a0y_B,52,3,-0.46542003125650355,-0.012284617939950615,-0.002687822821789726,-0.007796507583637924,-0.038096186831267476
927,3a0y_B,57,3,-0.358124245598902,0.01018536105062421,0.00798972251741109,0.005881452454578301,-0.0004133035393520945
928,3a0y_B,65,3,-0.5074798160723877,0.01796709071438886,0.000579732368548358,0.017199632606966317,-0.03295761183691526
929,3a0y_B,78,3,-0.19040126563455145,0.01346957219918693,-0.05144045186239821,-0.003252539932226406,-0.03161179457648977
930,3a0y_B,82,3,-0.27515386974164147,0.015244897620848241,-0.0321749786607258,0.01451047594705518,-0.04409119099134484
931,3a0y_B,88,3,-0.4329758058050156,0.022544324688670604,0.007733748377999755,0.010324950430516233,0.010353234544052237
932,3a0y_B,90,3,-0.4240391472206122,0.0018256788402043755,0.01500355300462164,0.0015708619789191747,0.004969965502350071
933,3a0y_B,107,3,0.2724007838099676,0.003942586617039348,0.005445937874881179,0.0034642451535735197,0.24758411344997378
934,3a0y_B,115,3,-0.3519551786864364,-0.011783634448175914,-0.06194931872228446,-0.00789452574142012,-0.015461987451383274
935,3a0y_B,130,3,-0.3137189065753447,0.0256624129798739,0.029609558609612313,0.016753232067486024,-0.0399313921863933
936,3a0y_B,141,3,-0.38071167355972674,0.009148930171454905,-0.033960953695447854,0.012623728309292925,-0.04433588503869501
937,3a0y_B,142,3,-0.3687704521418001,0.016408943944661913,-0.06822616224044128,0.013809462961958285,-0.04396884396766976
938,3a0y_B,144,3,-0.2576968588628179,0.01152637639149312,-0.06248498663243471,0.007081805763251792,-0.037239757665542106
939,3a0y_B,145,3,-0.3274673459443193,-0.0022190389920222348,-0.0781443563300955,0.0005738539020573308,-0.03148944755281469
940,3bpt_A,8,2,-0.26866392271617545,0.03267249183929166,0.07714260842679799,0.02482410850360489,-0.04346198610259844
941,3bpt_A,15,2,-0.2217981874278574,0.009661131566066128,-0.044250443496639646,0.0035904899212365615,-0.0458227970591647
942,3bpt_A,69,2,0.13362192837206655,0.037797846625027866,-0.02048601372841191,0.023483218163032088,0.015931047436278822
943,3bpt_A,88,2,-0.12210858132455371,-0.003690246121965418,-0.052111714979092616,-0.00929934835322524,-0.04482877139324204
944,3bpt_A,130,2,-0.17683774767708427,0.05599230972459457,-0.09462342486382663,0.039033427792962094,-0.04631980989212603
945,3bpt_A,136,2,-0.05811314361035458,0.026134747107424305,-0.08298062315807161,0.016087905325201407,-0.0458227970591647
946,3bpt_A,161,2,0.054550551950185155,-0.0042561469911133465,-0.03548533425242065,-0.007416799428878601,-0.04694107593332775
947,3bpt_A,168,2,-0.04697623218263114,-0.016057080177643096,-0.10531133462970296,-0.007950316080761077,-0.044207505352040544
948,3bpt_A,183,2,-0.021390233850930418,-0.017081503142833826,-0.016071243614208114,0.011742134586035236,-0.04756234197452924
949,3bpt_A,194,2,0.19573676910471755,-0.022944306746284754,-0.03954181123462361,-0.01852280163949563,-0.04569854385092431
950,3bpt_A,200,2,0.40170435082713163,0.0037438741230752803,-0.016154431437815864,-0.004543289993755195,-0.04234370722843539
951,3bpt_A,206,2,0.37421180038051777,0.03817597794513214,0.03488199473677493,0.025024420751540585,-0.03998289627186935
952,3bpt_A,219,2,0.32835907530327507,0.010579357736993422,0.06685503965452344,0.0025196075911428917,-0.03439150190105433
953,3bpt_A,220,2,0.02913140700507899,-0.0385877958508698,-0.05714047414270232,-0.02637786762929828,-0.03936163023066763
954,3bpt_A,230,2,0.13959414823694194,-0.00940244305564511,0.06687237955157804,-0.011157529121007148,-0.04284072006139694
955,3bpt_A,262,2,0.1149731996452873,-0.010621250214140343,0.005301793138153585,-0.010992375710839997,-0.04520153101796298
956,3bpt_A,302,2,-0.16297790283884184,-0.0029553030950822956,-0.05722299194863381,-0.005048745544243838,-0.043586239310838826
957,3bpt_A,313,2,0.0003591340635490381,-0.010890102044906036,-0.09193965711317484,-0.012827427952429582,-0.03998289627186935
958,3bpt_A,326,2,-0.23869831037995493,0.002928933099936637,0.034949141755327345,0.007483456301988989,-0.032403450569209236
959,3bpt_A,354,2,-0.2891452664350872,-0.006452728857217871,0.08050657965779279,0.0030310092892452123,-0.02482400486654912
960,3dau_A,13,3,-0.7065436667250664,-0.01996988655724849,-0.11632412068489345,0.0064037259884470454,0.014635380372679085
961,3dau_A,15,3,0.01956792295065979,0.01549109193441868,-0.025266546911663357,0.007036970570672235,0.07519715709182861
962,3dau_A,18,3,0.07480743207855434,-0.029495472666859174,0.010894180917030455,-0.03570094968396259,0.17087252960571764
963,3dau_A,32,3,-0.4026535239627491,0.025913291817559025,0.06720058139759202,0.01339513822269732,-0.035526899334091366
964,3dau_A,37,3,-0.6728933127377565,-0.04941899704019964,-0.10371125670338102,-0.044238192770187645,-0.04250067968356919
965,3dau_A,54,3,-0.33585237632506515,-0.014155840817312262,0.0858858319840428,-0.007911820065040348,-0.034915164215716166
966,3dau_A,63,3,-0.2910614806683748,0.06009988019707056,0.06358846640740162,0.04179555468641909,-0.007998819007205116
967,3dau_A,69,3,-0.19027331080608056,0.04666632492645216,0.1225160504188821,0.03865835739734258,-0.026717913629487944
968,3dau_A,87,3,-0.4209036971230452,-0.01542376590352637,0.03328345686435219,-0.008580099459379875,-0.03699506361819194
969,3dau_A,91,3,-0.2865814697207546,0.014695950572780225,-0.08666748146174066,0.013225384835678644,-0.045069967180745296
970,3dau_A,101,3,-0.32193845746539623,0.020364372856768204,0.03180701956777012,0.00857237200531058,-0.03760679873656736
971,3dau_A,120,3,-0.121695038668173,-0.03294481950666611,-0.09236405957109728,-0.019562301651686875,0.04142937855751505
972,3dau_A,128,3,-0.2739892049256255,0.0014117100335170052,0.0855999493767551,0.003372676238617478,0.00019843157902310615
973,3dau_A,130,3,-0.08164868610224096,0.006885459563844135,0.07927484456422196,0.0022639411074272114,-0.009711677338655855
974,3dau_A,131,3,-0.18535228032322926,0.02211343646805418,0.008726388341873725,0.011654603635449595,-0.024760361250686813
975,3dau_A,134,3,-0.23626462890502103,0.01865896635980724,0.016023980349236355,0.015713651878965923,-0.03675036957084177
976,3dau_A,135,3,-0.5969067558544671,-0.011732198962942336,0.005801886412374391,0.013022446718791547,-0.03834088087861742
977,3dau_A,143,3,-0.10108954580230978,-0.04161271747073378,0.04120158758959103,-0.029774163679875565,-0.019866480303684986
978,3dau_A,145,3,0.4859554537353963,0.0171731011851632,-0.06304059024907344,0.006487072127120158,0.0022783309814990993
979,3dau_A,156,3,-0.3800520268194865,0.010098118323740357,-0.0404506573631179,0.008380353397157148,-0.0399313921863933
980,3ehg_A,2,3,-0.6088451360023635,-0.011812709915128533,-0.05556461181381839,-0.0039214487138911625,0.02894998214265998
981,3ehg_A,6,3,-0.4413512018105108,-0.00531856496616806,-0.02824882608323287,-0.0030048396804631117,-0.01595137554608339
982,3ehg_A,13,3,-0.3552018319173853,0.008135113485372575,-0.002340565252445928,0.003260249836912782,-0.030877712434439486
983,3ehg_A,23,3,-0.2575457710218705,0.020510896706097848,0.05175110662483759,0.015329530295675797,-0.030510671363414454
984,3ehg_A,25,3,-0.403213244282563,0.010690785816699716,0.06987725837989936,0.018611208530741746,0.013534257159603547
985,3ehg_A,35,3,-0.11548653346914906,-0.0131013147028297,0.05800785226356625,-0.009161292669769283,0.0132895631122536
986,3ehg_A,44,3,-0.37807032272419666,-0.00020639206248283803,-0.03504545044196648,-0.0005584586009828585,-0.032835264813240395
987,3ehg_A,45,3,-0.3317957198213648,-0.02067996165611706,-0.033146223651692786,-0.013639217747729929,-0.020111174351035155
988,3ehg_A,48,3,-0.31372624449752184,-0.012717144888258425,-0.0744691854585165,-0.008819077537074393,-0.030265977316064285
989,3ehg_A,54,3,0.06453923606539069,-0.00629032992399739,-0.03130887699906554,-0.007078719093186747,0.03849304998931369
990,3ehg_A,71,3,-0.23912942161536394,0.04927108696899446,-0.04352913795048671,0.030264143765983187,-0.029531895174013778
991,3ehg_A,72,3,-0.22136765725700247,0.003226446651763193,-0.028120150910602826,0.00974739391904006,-0.03564924635776645
992,3ehg_A,74,3,-0.23367645783400404,0.01829884338736698,-0.04513134987128234,0.014664796858744333,-0.038952615996992845
993,3ehg_A,75,3,-0.23550182675094755,0.007650276260680378,-0.0973325597407533,0.01475262798180027,-0.038952615996992845
994,3ehg_A,85,3,0.48973671337384594,0.05178462525049181,0.11924434248824259,0.037672641754582056,0.41593361802684237
995,3ehg_A,86,3,0.5141740840039697,-0.03992526802492263,0.06335391165040663,-0.030904455492525906,0.4265778090865717
996,3ehg_A,90,3,0.34105798838302315,0.039203356470013315,0.08436362832465341,0.0386322075046005,0.5217637935057604
997,3ehg_A,109,3,-0.1044318970288548,0.015335574018006448,0.09803697718278229,0.014265785510167439,-0.010812800551731172
998,3ehg_A,122,3,-0.28082005791951553,0.016569577578531697,-0.08860309771552294,0.009347309535415016,-0.02757434279521309
999,3ehg_A,123,3,-0.20630314973894504,0.036781233039624606,-0.041542571685419555,0.026966027555147293,-0.017541886853859046
1000,3eoj_A,31,2,-0.17373884116716853,0.028885100421837784,-0.028974327636014235,0.025872309049105313,-0.044207505352040544
1001,3eoj_A,36,2,-0.1446836896432664,-0.015125886299114377,-0.041117749274241916,-0.006457750497824655,-0.026439296573673277
1002,3eoj_A,40,2,0.1060944626872018,-0.0420789969827918,0.022461449797945565,-0.031278359731641836,-0.030788158862084858
1003,3eoj_A,48,2,-0.06826686508797586,0.02543417457284508,-0.015205291357846651,0.027039845485404224,-0.04631980989212603
1004,3eoj_A,52,2,-0.10569388226341037,0.01883581351043817,-0.016603581359212305,0.021420779085787045,-0.04607130347564525
1005,3eoj_A,67,2,-0.02808418446279093,0.02611497576454261,0.019973574749180906,0.024973245815292033,-0.0458227970591647
1006,3eoj_A,82,2,0.05836291166803642,0.034735703732635376,0.021978068912056087,0.02960168082919601,-0.04694107593332775
1007,3eoj_A,92,2,0.2424285330735937,0.003103388856215722,-0.03577038409087871,-0.0013789060775841466,-0.037746338523543255
1008,3eoj_A,118,2,0.010898787356065087,0.04234974311740827,0.00678007700918648,0.041551408394730927,-0.04731383555804869
1009,3eoj_A,176,2,0.5789286475704665,0.00217715333833593,-0.022557230126143246,-0.001544567666892399,-0.027060562614874994
1010,3eoj_A,195,2,0.5125185788692248,0.012264198663873627,-0.11802974008888872,0.009786471566047589,-0.026066536948952335
1011,3eoj_A,200,2,0.36963532685123257,0.02204935806267344,0.034108337048416926,0.016710768141387944,-0.043586239310838826
1012,3eoj_A,202,2,0.23836149234226744,0.04315212550228853,-0.07846317483211651,0.02591638195483298,-0.04395899893555977
1013,3eoj_A,249,2,-0.08671061411291181,0.017853225451275656,0.020254872776544808,0.009192777220083936,-0.029297120363200868
1014,3eoj_A,261,2,0.16303098464951027,0.04558830359882449,-0.10431883952618665,0.03232676107998722,-0.02047514257813776
1015,3eoj_A,280,2,0.14011477300200903,0.029276286235887017,0.08799581805878756,0.027244884342344622,-0.013889722541400307
1016,3eoj_A,288,2,-0.23345705595344213,0.04661485485924115,-0.014120335195495826,0.028911998008690487,-0.041722441187233894
1017,3eoj_A,293,2,-0.05796649853950886,-0.024484649475207676,-0.09397755192261759,-0.02097695634702826,-0.04607130347564525
1018,3eoj_A,304,2,-0.06621660973755139,-0.004607299491367789,-0.06456561522078655,0.0030735865165921195,-0.029048613946720314
1019,3eoj_A,345,2,0.01141417301253611,-0.01167481298680867,-0.07560280698768679,-0.011872609763104724,-0.04482877139324204
1020,3f4m_A,4,3,-0.20504639872270047,-0.01243632171044376,0.04244009828578435,-0.00846101508309012,0.552717590495548
1021,3f4m_A,6,3,-0.26685647158235937,-0.008796073234527024,-3.0979338229625286e-05,-0.007765013496887296,0.46523946856788745
1022,3f4m_A,17,3,-0.516516337714038,-0.009962128334830858,-0.06615711257826012,-0.006723250334469508,-0.03772914576024222
1023,3f4m_A,38,3,-0.3554250274789652,0.00019052503191276104,-0.06836826000798507,-0.0010021016950379352,-0.04262302670724427
1024,3f4m_A,40,3,-0.23454472472354848,0.005028341506650838,0.03488014083870225,0.002856982429732341,-0.01741953983018396
1025,3f4m_A,47,3,-0.17553035423991148,-0.00990188671035569,-0.025806821975263697,-0.007431412641452223,0.021242119651131652
1026,3f4m_A,49,3,-0.29461921463310814,-0.009258920810374743,-0.0197722595460533,-0.007087567327055816,-0.02402627910863675
1027,3f4m_A,63,3,-0.2852123535903389,-0.007970498142562829,-0.060890445755328176,-0.005164806940087835,-0.02989893624503903
1028,3f4m_A,67,3,-0.2784222253321075,-0.017216874979240987,-0.022628047294485643,-0.011276335979397728,-0.022802808871886127
1029,3f4m_A,73,3,-0.31526302791186,-0.014911704172774112,-0.03947071836661949,-0.009788741154243372,-0.03148944755281469
1030,3f4m_A,77,3,-0.3328016830739649,-0.0047323713425906355,-0.021169350739398102,-0.0031670816693273457,-0.026228525534787606
1031,3f4m_A,80,3,-0.3100480595965266,-0.01226729655832244,-0.02346645100015582,-0.009034101500494426,-0.014360864238307736
1032,3f4m_A,82,3,-0.14445747467632397,0.00981610086768113,0.05596120282493969,0.0009342804314589337,0.06540939519782474
1033,3f4m_A,86,3,-0.3690620229229271,-0.017644954443924332,0.03632898279278943,-0.013124329452538747,0.06540939519782474
1034,3f4m_A,106,3,-0.30871902152089215,-0.018712089660152156,-0.04283478599308389,-0.014121816694792746,-0.042378332659894324
1035,3f4m_A,121,3,-0.20908526813053474,3.651116060776616e-05,0.0003828672948584383,-0.0002988777090003891,-0.04445823206236987
1036,3f4m_A,123,3,-0.3000653653800651,0.00831032484427624,-0.0701998022783327,0.00464934439586652,-0.04409119099134484
1037,3f4m_A,128,3,-0.6157588024679839,-0.048195253757174095,-0.010672239239102405,-0.031216314272331153,-0.0399313921863933
1038,3f4m_A,129,3,-0.3420640676527119,0.05383598572842112,0.004639725422845908,0.03892723573889938,-0.03613863445246657
1039,3f4m_A,154,3,-0.39371180759131796,0.0049068668584304614,-0.08174953286795411,0.0029095907914858388,0.014513033349004001
1040,3fpn_A,3,4,-0.08107321883489593,0.01489521198377447,-0.027380975260233295,0.008845480790178994,0.08129154566050123
1041,3fpn_A,11,4,-0.2905245443576263,0.0035246100307710637,0.05377268411215656,0.0015127205093223295,-0.024939088396875198
1042,3fpn_A,14,4,-0.42300694468234534,0.04818347714076501,0.09641092361832786,0.026372801527988432,-0.026709598964498316
1043,3fpn_A,15,4,-0.44280358086543203,-0.017161734973750675,-0.021294055692683306,-0.014596600472263965,-0.040056524781963754
1044,3fpn_A,16,4,-0.3710526696786822,0.017623679660400793,0.05710894431764987,0.0075556635011095885,-0.03420022059674932
1045,3fpn_A,18,4,-0.41624855395651905,0.01644121323599071,-0.014697070085251035,0.021469235357890748,-0.03528976556144037
1046,3fpn_A,21,4,-0.25663629504440644,-0.007123060472998877,-0.05815747564100686,-0.009439236648802696,-0.04318896655545035
1047,3fpn_A,33,4,-0.271176845384427,0.03628831890455014,-0.04587804712052024,0.023642088026402164,-0.03842220733492696
1048,3fpn_A,55,4,0.017254597696765406,-0.054347281448769616,0.024203051957029126,-0.04734442733149463,-0.01499699059406967
1049,3fpn_A,58,4,0.15018234387132934,0.014762058046686816,0.11038539488585553,0.004417468387748313,-0.00832352768533684
1050,3fpn_A,59,4,-0.16653833732610035,-0.02029036419516997,0.008638924828136746,-0.008425018760599923,0.02531617309949885
1051,3fpn_A,61,4,0.18222725041753773,-0.017882680501989757,0.06121288112097587,-0.021973818308872836,0.1134331221188869
1052,3fpn_A,66,4,-0.23345298839889483,0.0059662227397550005,0.04139060378584117,0.007452439388571708,-0.025211474638048292
1053,3fpn_A,70,4,-0.3504303067069713,-0.022755954364445913,-0.0007816489662143405,-0.009741206964404892,-0.04237180783193195
1054,3fpn_A,77,4,-0.5146250300923364,0.0440747505645519,-0.14052066943606023,0.03718275151437411,-0.0416908422290001
1055,3fpn_A,80,4,-0.12165048735591066,0.009975190800482564,0.030325678542136136,-0.004760867918853495,-0.038013627973167985
1056,3fpn_A,86,4,-0.39701097265823493,-0.05373077209972185,0.02230105394298869,-0.04542978869578959,-0.03447260683792197
1057,3fpn_A,91,4,-0.34183229770952533,-0.0076304130242837165,-0.08967609655492721,-0.004580340432969787,-0.04536805648483222
1058,3fpn_A,96,4,-0.3010809848257659,-0.008694666416915797,0.00967256254371443,-0.005417916639154252,-0.04305277343486402
1059,3fpn_A,101,4,-0.25451691969998047,0.031872778239867686,-0.03082920636313939,0.023506566900552472,-0.017039887402865217
1060,3g0m_A,13,0,-0.4942911810018591,-0.02036068097892285,-0.09165483979949332,-0.015383679673901751,-0.041174345758490105
1061,3g0m_A,23,0,-0.3425306705974436,-0.011053086314397498,0.06545006441048587,-0.008797559236840669,-0.00447863810822402
1062,3g0m_A,30,0,-0.4138915018606337,-0.011684796517937468,-0.0583094470835768,-0.009567040843336427,-0.039396699021106985
1063,3g0m_A,37,0,-0.44999610659145517,0.02533557068476311,-0.02413425227571364,0.01792683049461996,0.016980097507329317
1064,3g0m_A,40,0,-0.2701291783217372,-0.008903489234840523,0.10028080257660504,-0.0021763190955126355,-0.012478048426448174
1065,3g0m_A,52,0,-0.2585537080121123,0.0008754284820919056,-0.06769198611146918,0.0005083709687426219,0.05164420888630028
1066,3g0m_A,54,0,-0.27376513657686274,-0.0350183858646575,-0.061428006911588756,-0.0195219820237926,0.06383378651407035
1067,3g0m_A,55,0,-0.40608000540601363,0.012333350847291383,-0.005227636527191687,0.0025773045706450615,0.006441191849986483
1068,3g0m_A,61,0,-0.15773289251865846,-0.002396618866901068,0.038150380872636766,0.00417637580774935,-0.02987359149941171
1069,3g0m_A,78,0,-0.2224911919373289,0.04466691400557124,-0.018091388162492894,0.03179978188140148,-0.0297466167324556
1070,3g0m_A,85,0,-0.41089815257508755,-0.024673059926938856,-0.08040978526040257,-0.01752451315514214,-0.043967790631520565
1071,3g0m_A,90,0,-0.43158661917495394,0.01589243647371097,-0.056177318699741186,0.007742828398538459,-0.042571068195005335
1072,3g0m_A,91,0,-0.6515509766915181,0.03182472804581041,0.0178391865328843,0.018259460581906473,-0.042063169127181776
1073,3g0m_A,102,0,-0.5475172369463936,0.0016953299776558128,0.09802224724765235,0.002745303159020218,-0.040539471923710435
1074,3g0m_A,103,0,-0.49946583928297683,0.009453871552720983,0.11032108482916655,0.007702859194917422,-0.02860384382985237
1075,3g0m_A,105,0,-0.24452287529842087,-0.01253595491421361,0.06191775744125241,-0.0106081433146068,-0.0010503194004138905
1076,3g0m_A,106,0,-0.24822440176733485,-0.006955629254624951,0.06330707582724843,-0.006508134526201637,-0.02923871766463204
1077,3g0m_A,108,0,-0.3409227884547759,-0.01781973028917133,0.024720017297967162,-0.013641358902155842,-0.019588635375980656
1078,3g0m_A,122,0,-0.33166264012142244,-0.011890458295873707,-0.020160461815307146,-0.0094676205085642,0.009361611489973054
1079,3g0m_A,131,0,-0.3971372891640792,-0.013078595752372246,-0.023988592559593402,-0.009809493262616875,-0.040031572855886655
1080,3hmr_A,2,1,1.1549536941565095,0.04322775706496268,0.13507841964589018,0.02968246710437822,0.7085313044507474
1081,3hmr_A,4,1,0.9009905511333225,0.04567853095932166,0.12594120300315814,0.02540031848689192,0.5902802847463481
1082,3hmr_A,7,1,0.3935587795268727,0.015250762535367487,0.13161653641283136,0.021237100485068605,0.4840057943950137
1083,3hmr_A,10,1,0.07186758851310637,0.023607053916840787,-0.06178324325971446,0.02503050443617011,0.07969468278637493
1084,3hmr_A,17,1,0.0953573872340433,0.026186538571912554,-0.01574594724372838,0.022113530109603513,-0.034839482980866254
1085,3hmr_A,25,1,0.2973437014308671,0.07263653594870421,0.007846529286798826,0.0512360071097171,-0.004554006455874671
1086,3hmr_A,31,1,0.10986505440314465,0.027275051910499976,0.018366407096381432,0.02999320364315128,-0.012125375587122456
1087,3hmr_A,40,1,0.3413145830917236,-0.03259520714267765,-0.0669457875645641,-0.02997603916203409,-0.011987714330190746
1088,3hmr_A,45,1,0.27625873971059867,-0.02768121803863982,0.017721818802461792,-0.025584432019037207,-0.003728038914283971
1089,3hmr_A,46,1,0.13039691161073308,-0.03562431511906734,-0.09237217561591876,-0.03130864029172081,-0.021624002315415503
1090,3hmr_A,50,1,0.15331616202924603,0.03472600923813609,0.07977345328541627,0.0313717429545631,0.13888902326704056
1091,3hmr_A,51,1,0.13926015857514362,0.003536169391688805,0.08702355187035787,0.011012741057801922,0.08946863202853139
1092,3hmr_A,52,1,0.021229351559457932,-0.02947594661688306,0.012896984399613037,-0.02925493724530584,0.04817025494899729
1093,3hmr_A,57,1,-0.2606455515104099,0.028439913150185278,-0.08518307095341078,0.036972102778998706,-0.030847306529844687
1094,3hmr_A,75,1,-0.22727842885558547,0.05141165660414053,-0.006179476423733871,0.04029354796529186,-0.019283760947575113
1095,3hmr_A,77,1,-0.026671000930314603,-0.03714732007404009,0.06453652941528046,-0.022296473184404336,-0.00785787662223747
1096,3hmr_A,78,1,0.11201957777074756,0.0070789184839755576,0.1173820220488313,0.01299211807938433,0.005082281529350086
1097,3hmr_A,93,1,0.19980278710119925,0.022891894202551638,-0.06505446970477664,0.017813861582466922,-0.02602916253723242
1098,3hmr_A,94,1,-0.07055085395804572,0.03324682700228403,-0.04419544105090675,0.021571273036399663,-0.015979890781212314
1099,3hmr_A,95,1,0.024993561608400494,0.0026248526687567136,-0.04664375500095505,-0.006756564252112046,-0.0006994912617848126
1100,3hms_A,2,1,1.348646316420981,-0.010850273970100827,0.08383166361967738,-0.001710309439406782,0.7123858196448373
1101,3hms_A,8,1,0.44551546324995095,0.036088650307059794,0.13647898169282968,0.0269681474499818,0.5441637636742017
1102,3hms_A,9,1,0.36399751162011906,0.02803485606178155,0.13922360556349933,0.027683476227675724,0.45248136655763593
1103,3hms_A,10,1,0.369798546864335,0.03971596764411496,0.14106475608406444,0.032504193799238856,0.2812307629345012
1104,3hms_A,13,1,0.44769734109266945,0.007743476893589715,-0.050843138778807195,-0.0011085787077694254,-0.013226665642576796
1105,3hms_A,21,1,-0.06472556008284758,0.002192481442902988,-0.08956944205116767,0.010809826537631267,-0.035940773036320595
1106,3hms_A,23,1,0.10111971632326178,0.038985539459626115,-0.026657653472625942,0.034677017008418576,-0.034426499210070904
1107,3hms_A,24,1,0.158925212480308,0.03233945426512046,-0.06769416321456354,0.030405364950628955,-0.02189932482927892
1108,3hms_A,25,1,0.37348960634778294,0.0335638894673187,0.013893759825578292,0.03378995218191755,0.01609518208389238
1109,3hms_A,26,1,0.4658078746346306,0.01802182239131625,-0.007025274383898661,0.019813601881499693,0.048307916205929
1110,3hms_A,38,1,0.2646680401663386,-0.005232080922021987,-0.016750376383793633,-0.0010734507096282209,-0.001387797546443803
1111,3hms_A,43,1,0.522940994797387,-0.028475507208025774,0.01732889787610456,-0.025888767906723953,-0.016255213295075954
1112,3hms_A,50,1,0.351820489131043,0.024407129858518596,0.08818012463444269,0.010973250333846274,0.0035680077031003954
1113,3hms_A,58,1,-0.08391253941247179,0.033871145276092154,-0.039153097534386824,0.03704862807830708,-0.034426499210070904
1114,3hms_A,60,1,0.04484416409685521,0.0018211348466524169,-0.06977526358771713,0.0025194316724785892,-0.037592708119501994
1115,3hms_A,75,1,-0.1964279835225229,0.026700471023410555,0.035214018918094114,0.021427916328771668,-0.019283760947575113
1116,3hms_A,79,1,0.1313665709596903,-0.04912083034671828,0.05386669878445893,-0.027947773278670096,0.007560184154121963
1117,3hms_A,87,1,0.03954432318934886,-0.012626412031423201,-0.02750944190782284,-0.008621468481367772,-0.015566907010416964
1118,3hms_A,88,1,0.11624969394265694,0.0458293543363502,-0.0011450982766256779,0.03571473699152773,-0.021211018544620153
1119,3hms_A,96,1,0.30491744736321547,0.028917307833353195,-0.04281559314581726,0.015843128917031518,-0.02148634105848357
1120,3i94_A,9,1,-0.407439842127446,0.022129452720123066,0.07943457730593467,0.006688612179283321,0.09401145350728002
1121,3i94_A,25,1,-0.4144067745598446,-0.027956652240039,0.006451485480751529,-0.025441578154949684,-0.029057710189731578
1122,3i94_A,31,1,-0.28733345969676805,-0.035154712883814,0.010520011977724314,-0.02871338113669758,0.002053733876850705
1123,3i94_A,36,1,-0.4481871222570627,0.02390519711290462,0.05046943887273303,0.028552721110997603,0.0017784113629872866
1124,3i94_A,43,1,0.038854585043645584,0.001789352767410525,0.09996271804035387,0.0024862638326800107,0.2286441627865612
1125,3i94_A,52,1,-0.12470204094270632,0.0075779778595626845,-0.053575998009250475,0.008933521449098453,0.22561561513406203
1126,3i94_A,63,1,-0.191056833653988,0.0632245829716648,0.05121030758259733,0.054617770327675716,-0.003315055143488621
1127,3i94_A,64,1,-0.18200308978000612,0.08355955032681503,0.07806466566788856,0.07286180917821714,-0.017218842093598363
1128,3i94_A,65,1,-0.13835809779229136,0.03605309069208494,0.03504576908002867,0.03510322449667397,-0.030434322759049337
1129,3i94_A,67,1,-0.3964376201260301,0.049315580285289456,0.05480483597818808,0.03337577106662598,-0.03194859658529903
1130,3i94_A,70,1,-0.5031470105703999,0.02320491384305285,0.03752843323752905,0.039288171189364174,-0.033049886640753146
1131,3i94_A,88,1,-0.17257393772414742,0.034334734781011816,0.028158339362106863,0.03357467437518585,-0.04227319085518255
1132,3i94_A,130,1,0.14811950902114912,0.026007076739985008,0.08749541653951215,0.015065878256821402,-0.035252466751661604
1133,3i94_A,131,1,0.08849165096171807,-0.035219575421162705,0.011038425995609447,-0.03151085026188691,-0.038005691890297344
1134,3i94_A,136,1,0.05320946281133665,-0.015720320180989053,-0.012607089375918062,-0.016965044511835614,-0.04158488457052356
1135,3i94_A,141,1,-0.07670328540651139,0.009538541843244229,0.07239931464132499,0.007107928013085935,0.024905502527526435
1136,3i94_A,142,1,-0.09966462514353724,-0.018886578572222333,0.07924986572699547,0.018218933673952345,-0.0040033614281476115
1137,3i94_A,190,1,-0.16913484217675345,-0.02400143914739776,-0.05869148844031999,-0.0228300079083516,-0.02768109762041382
1138,3i94_A,208,1,-0.34443109099005853,-0.027751440202422414,-0.12522826508088525,-0.028450048417622276,-0.04199786834131891
1139,3i94_A,213,1,-0.24186176648245805,-0.02171060586011013,-0.03027035906258388,-0.022761385808043877,-0.02520319499564172
1140,3kde_C,2,0,1.172229930996787,0.003928411110111926,0.016159840641703588,0.007976042538613337,-0.00447863810822402
1141,3kde_C,3,0,1.1230232892374166,-0.005850126945780076,-0.10952800405671809,0.0005463842482292258,-0.02225510548205545
1142,3kde_C,11,0,0.23896166885853454,-0.005854853413477745,0.07403671703523845,-0.012992763798968326,-0.00320889043866468
1143,3kde_C,12,0,0.306405159904094,-0.009342426312743082,0.1197439198653873,0.0015124266797557073,0.016853122740373427
1144,3kde_C,13,0,0.189171526048721,-0.040253530898739884,-0.029641592155034688,-0.028246651384284893,0.020027491914271778
1145,3kde_C,17,0,0.37189163198813835,0.03942338390021444,-0.009328884320743303,0.023332467358366082,-0.009049729718637822
1146,3kde_C,20,0,0.15871409954487037,0.07670625493749039,0.0933972679329107,0.04963118081339435,9.245350218956006e-05
1147,3kde_C,21,0,0.11057112511931622,-0.04290304673163842,0.061475294402787595,-0.028412613155615052,-0.009811578320373382
1148,3kde_C,24,0,0.06514219506135632,-0.0076355046994937,0.04308769708812768,-0.0070393900234281825,-0.0277150204611607
1149,3kde_C,25,0,0.08053205951379871,-0.007555346682950714,-0.039865131065674936,-0.0065972271792623105,-0.03025451580027938
1150,3kde_C,39,0,0.35822927817214434,0.027827159100395654,0.010861156231645408,0.014352354214827445,-0.003589814739532571
1151,3kde_C,40,0,0.24797422675004932,-0.007768447995957994,-0.07853450530443623,-0.00039302860480200374,-0.023397878384658677
1152,3kde_C,53,0,0.0381400297623653,0.03905006250527343,0.034900672695108687,0.024696485025922033,0.03488353964811641
1153,3kde_C,58,0,0.7274158201403407,0.041690348497709584,0.1257091883820448,0.028457201442506463,0.251502492074946
1154,3kde_C,61,0,0.5670844899365355,0.010972989268424604,0.16658153632107306,0.015018169566155593,0.3076253390694704
1155,3kde_C,64,0,0.17003102314667884,0.004707916451617222,0.10357634931807531,-0.00159087694034038,0.19449082171173004
1156,3kde_C,66,0,-0.08235597822725937,0.004962974173736215,0.07458997578420469,0.003590078269027075,0.06675420615405692
1157,3kde_C,69,0,-0.010062150920574497,0.03329556394128863,0.11940988477336217,0.021389635648928873,0.032978918143777625
1158,3kde_C,70,0,-0.03172836901455911,0.017269981894959374,0.10090294992677618,0.009165578375391392,0.012535980663871626
1159,3kde_C,73,0,-0.20513272495197343,0.001867975394697019,-0.07913306720563507,0.0032463019367516277,-0.03368283450808973
1160,3l32_A,2,2,-0.07415415734726694,0.04025521541507761,0.09363425673522585,0.02897733071812994,0.012700464022030289
1161,3l32_A,5,2,-0.36091878780599385,-0.012126625146632652,-0.07005191538411848,-0.012862947328768054,-0.03265195698568979
1162,3l32_A,9,2,-0.3272735407885702,-0.015114492930974444,-0.028692226271740562,-0.013908811556114065,-0.043089226477877496
1163,3l32_A,11,2,-0.28358875034314834,-0.009267469989279159,-0.10219183501954675,-0.009663231730890842,-0.041722441187233894
1164,3l32_A,12,2,-0.21949895251365903,-0.0074083712897896475,-0.005717171243008606,-0.009605067836009396,-0.04047990910483068
1165,3l32_A,16,2,-0.2713765329366019,-0.016902616937130188,0.01795141369123142,-0.01446868266715537,-0.044207505352040544
1166,3l32_A,17,2,-0.21830370997621096,-0.009529312655832303,0.01478066177492128,-0.011864122072636596,-0.04346198610259844
1167,3l32_A,18,2,-0.21608620861431116,-0.012565983794630115,-0.0949270752238025,-0.012960310943785858,-0.040231402688349904
1168,3l32_A,20,2,0.02897992486925527,0.011734322864718316,0.0519186113629313,-0.0004270110244125602,-0.04184669439547428
1169,3l32_A,22,2,-0.12474222311464767,0.026436797073468188,0.0844455541807323,0.016207849362933735,-0.03799484494002403
1170,3l32_A,23,2,-0.26419012120356544,-0.01881312309060512,-0.04427805007939109,-0.008987289094761042,-0.03762208531530309
1171,3l32_A,27,2,-0.19683014161982437,-0.015932050508284043,0.003756844102181925,-0.014547931664137898,-0.03799484494002403
1172,3l32_A,28,2,-0.2820497119206484,-0.01315023509368081,-0.12393138474104148,-0.01188696701432626,-0.044083252143800156
1173,3l32_A,29,2,-0.2924553217358803,-0.026956174223848495,-0.057058035043680344,-0.021086886587888792,-0.04296497326963711
1174,3l32_A,31,2,-0.31161402545946637,-0.007877513017036639,-0.0011472480438284027,-0.010866838348156438,-0.03538552756697699
1175,3l32_A,32,2,-0.3378984890997442,-0.005005179310579394,-0.130261025753435,-0.009603720754733536,-0.04184669439547428
1176,3l32_A,34,2,-0.33013583043824213,-0.013915798049342648,0.045255701710997326,-0.011904331467338353,-0.042219454020195224
1177,3l32_A,37,2,-0.3292923833414537,-0.0234166316723875,0.016921146243642507,-0.019054122157982162,-0.04134968156251295
1178,3l32_A,38,2,-0.34006442775221124,-0.014404268721018937,0.043360898620512484,-0.012462269003292809,-0.04147393477075334
1179,3l32_A,40,2,-0.2557385981507859,-0.015612455393432145,0.019538232565055297,-0.012982696176714298,-0.030788158862084858
1180,3l32_B,2,2,-0.37603385779427223,0.03126122416333971,0.08360126935228901,0.023921310337222224,0.023510493138938937
1181,3l32_B,5,2,-0.5296546757582706,-0.02065751203365082,0.041339014398121765,-0.017037210938352226,-0.03066390565384447
1182,3l32_B,6,2,-0.5196339257314493,-0.019367488274299488,0.025665884523944957,-0.01658300680799371,-0.03563403398345777
1183,3l32_B,9,2,-0.4684075391759101,-0.014882897347175364,0.04130644409810358,-0.013586200714868796,-0.04296497326963711
1184,3l32_B,10,2,-0.44812429829947004,-0.015817667707865718,0.0073518178129017425,-0.014384171700243281,-0.041101175146032176
1185,3l32_B,11,2,-0.4178789643016669,-0.014627815536882943,0.012968221969122118,-0.01246743889454538,-0.04284072006139694
1186,3l32_B,12,2,-0.39417038052936915,-0.021398442968801654,0.041573738260718945,-0.017167525383767313,-0.041101175146032176
1187,3l32_B,13,2,-0.37862517219014546,-0.021683616371182962,0.03885522846399278,-0.01818650436351113,-0.0444560117685211
1188,3l32_B,17,2,-0.39412840685183137,-0.012074104593370577,0.04369855332743769,-0.011374544302365952,-0.04395899893555977
1189,3l32_B,18,2,-0.4605395465152719,-0.007778198152534915,-0.07934581612229927,-0.009033952035306408,-0.04147393477075334
1190,3l32_B,22,2,-0.46935907080542283,-0.027605440987856972,0.03457995734109601,-0.012975906880841132,-0.0394858834389078
1191,3l32_B,25,2,-0.3036012625378379,0.03925396686673485,-0.0015806910066391844,0.02614370139171096,-0.039237377022427244
1192,3l32_B,27,2,-0.30755054759789524,-0.00955945452357014,-0.017692033891217346,-0.009931942431213758,-0.03700081927410137
1193,3l32_B,28,2,-0.405221070324722,-0.022567582421802873,-0.10776077218505159,-0.01830201332613912,-0.044207505352040544
1194,3l32_B,31,2,-0.33099447700912876,-0.01725747094338903,-0.004161027237687506,-0.014442761705548257,-0.036752312857620595
1195,3l32_B,32,2,-0.3398689330870429,-0.017643811091645423,-0.006795591635329196,-0.015710734448636604,-0.043213479686117884
1196,3l32_B,33,2,-0.39352853603785765,-0.019607251961057115,0.012765212040507887,-0.015504018768931815,-0.044580264976761486
1197,3l32_B,34,2,-0.390395021956439,-0.01705673501338191,0.04095679774630098,-0.014633018200408215,-0.04246796043667578
1198,3l32_B,36,2,-0.4833985390929512,-0.018230957680300336,0.009376053491661124,-0.015289111597461075,-0.04234370722843539
1199,3l32_B,40,2,-0.4174115039094354,-0.015446974326414814,0.026623727481204756,-0.013647880224712777,-0.031036665278565634
1200,3lae_A,4,0,0.1122385779765348,0.045234486728473355,0.09426212754529939,0.027076567933302376,0.004663545112603362
1201,3lae_A,12,0,-0.3671616700175348,0.004636990453661227,-0.09364511256199837,0.006994669999707881,-0.040793421457622214
1202,3lae_A,14,0,-0.7091037245048856,0.05142798895709899,-0.12758192646730168,0.03231985726275205,-0.03558745601242874
1203,3lae_A,15,0,-0.6737252781372858,0.03317326541384952,-0.10060893348690093,0.01865537819390789,-0.0325400616054865
1204,3lae_A,20,0,-0.3569481225616654,-0.021583333152852047,0.031916744905880534,-0.015808277034998985,-0.02873081859680804
1205,3lae_A,23,0,-0.29281487122959526,-0.027375585430186478,0.04239540135561881,-0.020020764392408186,-0.021747206414231668
1206,3lae_A,24,0,-0.2511747969532001,0.0275012575605601,0.07248561098457068,0.015323462581173286,0.006441191849986483
1207,3lae_A,29,0,-0.44460909158798056,-0.004783803129808029,-0.018668241677256836,-0.0005756900292293032,-0.03596838031329663
1208,3lae_A,35,0,-0.5149059081489082,0.0361368784315908,-0.043777775826455395,0.03427076077374136,-0.037746027050679754
1209,3lae_A,36,0,-0.24234933428484257,-0.031789910612641,-0.09723834651838227,-0.0302543313712946,-0.040920396224578326
1210,3lae_A,41,0,-0.4354897297782092,-0.02412876617844545,-0.0005476138402863984,-0.017925321222096058,-0.042190143894137444
1211,3lae_A,42,0,-0.37124052282946407,-0.012169223365973314,-0.006766027301617933,-0.009712705556758405,-0.036730228915032415
1212,3lae_A,46,0,-0.28366098225234926,0.013957924017334006,0.10812293889611202,0.028765299703153835,-0.021493256880319667
1213,3lae_A,53,0,-0.5838575861619991,-0.0460217740869695,-0.0017262117464946353,-0.03061570912888359,-0.044221740165432566
1214,3lae_A,60,0,-0.2153967987831844,-0.05027075542334353,-0.04359866984028786,-0.03685664711884826,-0.042190143894137444
1215,3lae_A,65,0,-0.6453042958661277,0.019073678100144403,-0.018606251499974386,0.028978206472257184,-0.043205942029785005
1216,3lae_A,68,0,-0.12474748043262884,0.0001774114626342943,0.090973577083416,-0.006695198531240232,-0.02885779336376415
1217,3lae_A,71,0,-0.15474643266017052,-0.03873338507416696,-0.06316846401644713,-0.028791113203802066,-0.023016954083791008
1218,3lae_A,77,0,-0.328942590741177,0.0036372283534660127,-0.07961645978991971,0.007171217617655518,-0.042063169127181776
1219,3lae_A,78,0,-0.2042665932616149,0.01310835531553034,-0.06018197361290896,0.00979030322068386,-0.031016364402015162
1220,3lgb_B,17,3,-0.7306817918935586,-0.02905075379680172,-0.11238667808529784,-0.01985201927278335,-0.03821853385494256
1221,3lgb_B,26,3,-0.44971618501609867,-0.02033196658944436,0.04180047570994991,-0.013530810950536556,-0.03393638802631571
1222,3lgb_B,27,3,-0.44661269549844074,-0.011911337116675122,-0.05254839025988885,-0.00784495285385392,-0.03711741064186702
1223,3lgb_B,35,3,-0.6896340663608556,-0.00733295360568835,0.04101236570819314,-0.0027776347884027053,-0.03626098147614165
1224,3lgb_B,44,3,-0.44768768475436505,-0.007073945993637323,-0.10786659938282114,-0.0046826932781185715,-0.039564351115368046
1225,3lgb_B,45,3,-0.42486833207228963,-0.024801748887168407,-0.07799819770958034,-0.01638991068560114,-0.043601802896644726
1226,3lgb_B,97,3,0.08803369538536943,-0.04414841235490935,-0.04021733761852617,-0.024136078766428898,-0.03919731004434279
1227,3lgb_B,98,3,0.011888820321543592,0.03371326039697867,-0.05145643458164838,0.026882514419694664,-0.03883026897331776
1228,3lgb_B,100,3,-0.1328710928813276,-0.022760921150111912,0.04524503235725083,-0.015428719783967662,-0.03846322790229251
1229,3lgb_B,115,3,-0.493612992247052,-0.010451664216328177,-0.1109498998417342,-0.01795666227351883,-0.042990067778269525
1230,3lgb_B,116,3,-0.24885639422780115,0.03989713892476415,-0.0574727411699746,0.03440160313457957,-0.041032515399468616
1231,3lgb_B,119,3,-0.18394705963242863,0.011548679102673987,0.0056935655624522075,0.0070356843114725565,-0.03626098147614165
1232,3lgb_B,136,3,-0.1025252422461782,0.038807691973243186,0.10362660441880968,0.030024394409416733,-0.030265977316064285
1233,3lgb_B,140,3,-0.2707072313693989,-0.013545165897866723,0.007223946912385648,-0.009187890035356958,-0.03613863445246657
1234,3lgb_B,142,3,-0.3954110314765696,0.001188435387456943,-0.07666476914697497,-0.00027235287091777194,-0.03736210468921697
1235,3lgb_B,147,3,-0.2367296715556516,0.030952907307212188,0.06750368925372147,0.01939502441182922,-0.03246822374221514
1236,3lgb_B,162,3,-0.214496645209044,0.019079555613349897,-0.0359216618566518,0.008157026811062479,-4.626246832684089e-05
1237,3lgb_B,165,3,-0.2471177875593461,-0.030291297022937813,0.03988256736647808,-0.01845910616426419,0.055743980327495724
1238,3lgb_B,171,3,-0.20513083642597407,0.014522013203568856,0.14503309078168472,0.015618899122221475,0.10737442431836675
1239,3lgb_B,190,3,-0.14803659621759135,0.019137776622310962,0.06747590845390965,0.009735454447290834,0.018428138106605596
1240,3lyy_A,2,3,-0.6264613249549372,0.00960156961377609,-0.06841960058511776,0.01982307731271743,-0.02060056244573527
1241,3lyy_A,7,3,-0.23412300407213626,0.01073598678465526,-0.10382918804817468,0.011533518408800514,-0.04445823206236987
1242,3lyy_A,10,3,-0.26859929481017497,0.00010940263000644435,-0.1127956405791673,0.01248996364510635,-0.04409119099134484
1243,3lyy_A,12,3,-0.16468029879608304,-0.038319804290153414,-0.0655677741903675,-0.02055214064028027,-0.03858557492596759
1244,3lyy_A,13,3,-0.42305673658721143,0.040438777122361935,-0.026521004665401055,0.03058420201869884,-0.027941383866238345
1245,3lyy_A,21,3,-0.45007370881690734,0.020501649984605907,0.018204505596204817,0.018945247967824624,-0.04078782135211845
1246,3lyy_A,26,3,-0.2122821632270364,0.02277305798887505,-0.09219539061673371,0.016135234223020045,-0.042990067778269525
1247,3lyy_A,30,3,-0.5572662516979151,0.02614673688387309,-0.04606889664170946,0.016096275689908568,-0.029042507079313662
1248,3lyy_A,32,3,-0.08561080306373114,0.008172669020282297,0.0331107656306289,0.01198377786856386,-0.01509494638035802
1249,3lyy_A,34,3,0.142151499703992,0.001693484191555017,0.05311806933417215,0.0037519921549112323,-0.023903932084961665
1250,3lyy_A,42,3,-0.2513757552856156,0.017202304292485412,0.06845551011210926,0.028414339719065762,-0.008488207101905232
1251,3lyy_A,50,3,-0.4029669488996295,0.055967277017696326,-0.01844497250332533,0.038583105012788735,-0.03369169397896554
1252,3lyy_A,54,3,-0.4432128253899883,-0.05326801700542738,-0.06208687670550686,-0.03899925143035393,-0.03564924635776645
1253,3lyy_A,56,3,-0.4094841533015766,-0.010535065981758296,0.042302083942733854,-0.005615238229619013,-0.03675036957084177
1254,3lyy_A,59,3,-0.06948489966407778,0.031423320782225955,0.06098651476592193,0.022294647631100395,-0.04213363861254393
1255,3lyy_A,60,3,-0.5011400136017193,0.028381210435891258,0.024449039055286448,0.015979995981894313,-0.04213363861254393
1256,3lyy_A,81,3,-0.2929495958805286,0.015741627534653635,0.05876116962475034,0.011148713238863128,-0.004450755320628774
1257,3lyy_A,86,3,-0.36545696790903004,-0.024620117499908695,0.04231492691551331,-0.01488662785781067,0.04277519581794054
1258,3lyy_A,93,3,-0.1372840730710584,0.008398808792776324,-0.03589359291404054,0.009261887573337235,-0.042990067778269525
1259,3lyy_A,98,3,-0.041386313169412325,0.001970479341623921,-0.05370359068557559,0.0038202859507624476,-0.03919731004434279
1260,3nke_B,17,4,-0.014805446125298438,0.04960907607405435,0.09447548289712913,0.040392994159805795,-0.02820772329094856
1261,3nke_B,29,4,-0.20870982881635924,0.0029264890899492746,0.0049306635433429835,0.0015722377247369135,-0.04332515967603667
1262,3nke_B,41,4,-0.19637121322174012,-0.027262865596294678,0.04818863238598341,-0.016725268840437346,-0.022351419105734127
1263,3nke_B,43,4,0.028339415544667235,-0.02056098614959101,0.07055643899279619,-0.012151224012371037,-0.0053272790324365715
1264,3nke_B,46,4,-0.09786791190439748,-0.00719855444549794,-0.007919479176159441,-0.003714770754075669,-0.009821652011787085
1265,3nke_B,50,4,-0.09008809640574389,-0.019067373854884495,0.049410130367835176,-0.011959414430824294,-0.01962755669400673
1266,3nke_B,61,4,0.06483778884007607,0.010222451576547609,-0.03413838883206058,0.007466892287783022,-0.0438699321583822
1267,3nke_B,64,4,0.11577120175158162,0.03577826156463511,-0.01392699875459949,0.025355437362019756,-0.041282262867240904
1268,3nke_B,66,4,-0.09751524086882213,-0.022064899304327742,-0.05739555069858422,-0.029031860465887044,-0.03883078669668616
1269,3nke_B,68,4,-0.02944710742808443,0.017413180887238144,0.045496809965689736,0.008154100590271218,-0.03488118619968117
1270,3nke_B,73,4,0.5612846398619729,0.00805931211588154,0.07001451714321177,3.4040980839644686e-05,0.08374302183105597
1271,3nke_B,75,4,0.7756914764668089,0.06436769433182762,0.14038724842858766,0.049708570099041616,0.14911571971251836
1272,3nke_B,79,4,0.6144110767882991,0.01426164086726689,0.0914119799074424,0.010657637861971936,0.09817949261321224
1273,3nke_B,92,4,-0.14485113639773894,-0.0027047896457754184,-0.05620156839834009,-0.0011552999317887003,-0.028343916411534886
1274,3nke_B,93,4,-0.04635629654740414,-0.004789092350735713,0.051671521522808114,-0.0025328106780888038,-0.030250620099744108
1275,3nke_B,104,4,0.26447467745564635,0.0015147534341920232,-0.04562743821281971,0.0018489105202059153,-0.0077787552029915386
1276,3nke_B,115,4,-0.21764924159712418,0.04989125788215884,-0.08272491950766435,0.029424501649318924,-0.03256590314971253
1277,3nke_B,116,4,-0.0946559715056231,-0.006668344159919071,0.02183461198908504,-0.008204962779262026,-0.03610692428495854
1278,3nke_B,183,4,-0.19250070279529485,0.033356932463285874,-0.05652617786854945,0.02469900409200787,-0.010366424494132609
1279,3nke_B,191,4,0.6775184778664274,-0.0014822591574923105,0.13854569016264456,7.589021152196174e-05,0.31118553321031084
1280,3omd_A,7,4,-0.3050822759196068,0.04576238345829928,-0.08542186454363339,0.04324820540234786,-0.017039887402865217
1281,3omd_A,17,4,-0.27352080563614944,0.013471762907158069,0.03897262719473893,0.0033160799367429328,-0.04468709088190037
1282,3omd_A,19,4,-0.010316255425909526,-0.008844145409830514,0.0056210573726189345,-0.004549077386282574,-0.046185215208350616
1283,3omd_A,22,4,0.08645766438003422,-0.05645607692021026,-0.10487348809150075,-0.04817670747609515,-0.04741095329362821
1284,3omd_A,24,4,-0.3338483739790128,0.03161304226546906,-0.056470665243405785,0.024389395502274036,-0.046321408328937164
1285,3omd_A,28,4,-0.3644953843023999,0.00210047419100165,-0.07918061094976664,0.0016382824398943896,-0.045912828967177965
1286,3omd_A,29,4,-0.41997873580930684,-0.009461164440171088,-0.09711202244741146,-0.0048202408160645804,-0.04645760144952349
1287,3omd_A,34,4,-0.2617569273075655,-0.018408044157336406,-0.08940964626448697,-0.011169813882385526,-0.03774124173199511
1288,3omd_A,37,4,-0.15476139270256395,0.03611849004713538,-0.01767887216095225,0.024978669357831412,-0.02793533704977591
1289,3omd_A,40,4,-0.2809400588614489,0.013744449579794454,-0.06565776440726338,0.013520675884430677,-0.023168577829252524
1290,3omd_A,42,4,-0.11820370834960692,-0.04635741049386806,0.0008040917037401007,-0.035709829060929704,-0.00573585839419577
1291,3omd_A,45,4,-0.3042834646340439,-0.008525852332898362,-0.024821239464815834,-0.013440031934889463,-0.04141845598782745
1292,3omd_A,64,4,-0.26925090966510706,0.0014769515078417728,-0.0110175179881207,0.0016954822782877521,-0.04741095329362821
1293,3omd_A,76,4,0.016579443911191705,-0.0021770105813434526,0.04964605165042969,-0.0006034826541441163,-0.0425080009525185
1294,3omd_A,78,4,-0.09041438776936228,-0.020754917852053467,-0.03228789525658865,-0.012304018100213199,-0.04741095329362821
1295,3omd_A,81,4,-0.22090080430988923,-0.004969430647677853,-0.018126513822354084,-0.0018751443713596605,-0.04672998769069614
1296,3omd_A,95,4,-0.15541383071271886,-0.013565253831420432,-0.04030100265824152,-0.008315997276637399,-0.04509567024365957
1297,3omd_A,98,4,-0.13174743000019606,0.0018044470888027853,-0.06414912279370814,0.002110660814449994,-0.04550424960541877
1298,3omd_A,101,4,-0.17417340770739942,-0.019624734884366363,-0.02217748827677768,-0.012488142473467051,-0.03951175229961801
1299,3omd_A,108,4,0.04471052321986435,-0.006324079515818065,0.04595833576493524,-0.009588280553263134,-0.008732107047096038
1300,3omd_B,4,4,-0.02079896572512463,-0.008887887839741773,-0.045663989802986485,-0.007075759863629211,0.10621488672780877
1301,3omd_B,9,4,-0.19024715056266606,0.04223079474925445,0.09219272510103349,0.02309275844005987,-0.02657340584391199
1302,3omd_B,13,4,-0.5804365023397198,0.01846909304038502,0.005193572206260932,0.008714616583695323,-0.04700237393186901
1303,3omd_B,19,4,-0.19831111293646408,-0.001169071361797322,0.009320464835937653,0.0013274649107921088,-0.04727476017304166
1304,3omd_B,29,4,-0.45710596983820023,-0.014960457167590119,-0.06324462713116918,-0.008341114320749354,-0.048228112017146385
1305,3omd_B,36,4,-0.2286039775264901,-0.013274828193301974,-0.021495675271730325,-0.007377727141817059,-0.040873683505481706
1306,3omd_B,51,4,-0.09280559903692442,-0.0009380800934768452,0.040141594867225044,0.0007499880295648298,-0.040056524781963754
1307,3omd_B,52,4,-0.058626471227876786,-0.007572918323926675,0.05228767178404985,-0.0035886840567651013,-0.03215732378795355
1308,3omd_B,60,4,-0.2548350297213807,-0.008489130588860583,0.07137188271570671,-0.003587575649972863,-0.045640442726005315
1309,3omd_B,63,4,-0.08548136332522838,-0.012911948415317842,0.05669880503606886,-0.0074264394600849215,-0.04700237393186901
1310,3omd_B,74,4,-0.13079183557958274,0.04413937223275549,-0.012755280072947642,0.03631573804404353,-0.04509567024365957
1311,3omd_B,85,4,-0.3734135076767485,-0.035224669190727975,-0.05152421038000132,-0.02270414259232989,-0.0438699321583822
1312,3omd_B,91,4,-0.07361533372259255,0.05252016648410776,0.0013425765644688309,0.04241063004954543,-0.04155464910841378
1313,3omd_B,100,4,-0.04290513577182442,-0.00344755172484551,0.03998392585513007,-0.0009930023303414415,-0.03814982109375431
1314,3omd_B,101,4,-0.04251994990707708,0.002772052330503094,-0.026948528554269296,0.002463481730764383,-0.0407374903848956
1315,3omd_B,104,4,-0.17004543156237106,0.0010610252522538777,-0.03314233228343222,0.002193977069071873,-0.016495114920519915
1316,3omd_B,106,4,-0.10935737212290986,0.041254146253423635,-0.04847633611016541,0.025410555219189557,-0.02425812279394335
1317,3omd_B,111,4,0.161413866956567,-0.0042576374103251435,0.018162781453968144,-0.001841786247288868,-0.019218977332247533
1318,3omd_B,138,4,-0.3110841953417449,-0.014471429754458531,-0.02568269078480856,-0.009262826628729348,-0.039920331661377206
1319,3omd_B,141,4,-0.404803476871064,-0.016971094167542125,0.06599970067321977,-0.00472108030443083,-0.03678788988789039
1320,3pf6_A,2,4,0.8077937094689198,0.052156337452568396,0.13318657149389485,0.039935138532715686,0.023137083170116757
1321,3pf6_A,10,4,0.5160044105084958,-0.014188064387946397,0.12867405403067145,-0.00969237611760937,-0.019491363573420184
1322,3pf6_A,13,4,0.6088024141655366,-0.017477543710082408,0.12318691941382688,-0.0063388283657407896,-0.02888868889388041
1323,3pf6_A,15,4,0.5394855966152106,-0.04092915145530769,0.035042434809381365,-0.04138644794258495,-0.031067778823262504
1324,3pf6_A,17,4,0.6126916655324266,-0.03017136897083189,0.057389931300434294,-0.0131779002445786,-0.040601297264309055
1325,3pf6_A,19,4,0.6385002361384822,-0.021180909932544095,0.06038916166092653,0.01338898424648513,-0.034744993079094844
1326,3pf6_A,20,4,0.5496674564862398,-0.030136783131349737,0.03894186926895363,-0.02684455483413356,-0.04182703534958665
1327,3pf6_A,23,4,0.582351955611216,-0.01054401698164309,0.015187129872651778,-0.005643743530754558,-0.044278511520141395
1328,3pf6_A,24,4,0.39692319713228696,-0.0006567925834454202,-0.060554509838841725,0.00015995264667134634,-0.04523186336424612
1329,3pf6_A,26,4,0.42997497942834384,0.0053781274514919375,0.05738485355347635,0.005151280852852047,-0.04305277343486402
1330,3pf6_A,31,4,0.6106066027878506,0.04905858580921482,0.07764744399042631,0.030082338734066627,-0.03610692428495854
1331,3pf6_A,37,4,0.3887144239084076,0.04544729104394421,0.11581035754632725,0.03696416161612301,-0.023985736552770698
1332,3pf6_A,44,4,0.07060659523366797,0.003880228938445307,-0.0649245560233423,0.0022463040371109577,-0.044278511520141395
1333,3pf6_A,46,4,0.19598355901385633,-0.014220128367791629,-0.04927839492273185,-0.007855676890180685,-0.04455089776131427
1334,3pf6_A,50,4,0.16542521947547817,-0.019345454949866114,-0.04156409608536883,-0.01131305527231935,-0.0425080009525185
1335,3pf6_A,51,4,0.14798366834286059,-0.01357620124926287,-0.10706710775895645,-0.007507636659356942,-0.030795392582089853
1336,3pf6_A,54,4,0.27577917537802943,-0.002088715319506329,-0.08727487303667437,-0.0012931463433993318,-0.01826562548814281
1337,3pf6_A,57,4,0.46482024704824254,0.031500371632553925,0.08916164138880636,0.016944431108676827,0.01877890331135257
1338,3pf6_A,58,4,0.3709840452174753,-0.009432645943788343,0.08272115290570198,-0.008483387097474981,0.10362721743666747
1339,3pf6_A,59,4,0.5207997943586378,-0.006545452824004594,0.12010683155068641,-0.006148026528865369,0.2443147110023982
1340,3pf6_C,2,4,1.1027905402334115,-0.02704735928349189,0.08845430152912948,-0.018390875506249682,0.048060424237424515
1341,3pf6_C,4,4,1.090177495902755,-0.0068773727343997,0.08330027364009711,-0.012027038800145662,0.005023398132128154
1342,3pf6_C,5,4,1.0008143953530073,-0.01961664626345927,0.15056295853454843,-0.00981599712320641,-0.004373927188332072
1343,3pf6_C,6,4,0.9497698063751316,-0.006750275594209099,0.13975664439421537,-0.003641530596151077,-0.010502617614719156
1344,3pf6_C,7,4,0.8114500803969893,0.001062561144135138,0.148409631993987,-0.0026448997157749177,-0.02698198520567119
1345,3pf6_C,8,4,0.810919719555514,0.0007799731978192226,0.15639275759956606,-1.701435031309373e-05,-0.01499699059406967
1346,3pf6_C,9,4,0.8583969579521991,0.03391635785617503,-0.09262618334164412,0.02876118249300666,-0.016086535558760717
1347,3pf6_C,10,4,0.6434433380383981,0.008705943733361171,0.12276921800646959,0.0002760102790587138,-0.021398067261629627
1348,3pf6_C,13,4,0.6222944273741904,0.04571571297111707,0.12611912314541635,0.037881814786348084,-0.02589244024098014
1349,3pf6_C,16,4,0.6440202766598653,0.03864246843498523,0.17128810938902111,0.02080999956582602,-0.03760504861140879
1350,3pf6_C,17,4,0.5206962981618162,0.018871387513680005,0.11796203288778273,0.007894776308677631,-0.04155464910841378
1351,3pf6_C,20,4,0.3686029708823364,-0.06235034288708116,0.04379489378839191,-0.04391110355139821,-0.042235614711345626
1352,3pf6_C,21,4,0.40515563041588143,0.04240076586683815,0.11573038949484439,0.035417069105947246,-0.04019271790254986
1353,3pf6_C,22,4,0.44479154379789043,-0.007356702544862537,0.06827778387829796,-0.004132106948641023,-0.04509567024365957
1354,3pf6_C,24,4,0.2792662887384786,-0.01346817250042115,0.006371448691521869,-0.007429346293468114,-0.04550424960541877
1355,3pf6_C,30,4,0.5095426693171092,-0.00597389776008711,0.07314070999966588,-0.0021993893077849047,-0.03719646924964959
1356,3pf6_C,33,4,0.4261856570977145,0.053325631908732046,0.12285534325257336,0.034713059100767385,0.0035252738056779087
1357,3pf6_C,38,4,0.6228091599786311,0.0014848186780806738,0.06718373176318784,0.0018660025039629047,-0.030250620099744108
1358,3pf6_C,51,4,0.45015174978030337,-0.017306114340709722,-0.08053955054636812,-0.01021813017176132,-0.032702096270299075
1359,3pf6_C,53,4,0.5593298520882533,0.002263527112101621,0.0429460553105154,0.0005703614747067931,-0.030795392582089853
1360,3qc7_A,5,0,1.7493335177662535,-0.032736600902864676,0.10287706335256161,-0.016054811120132517,0.12668629615725946
1361,3qc7_A,16,0,1.843649691311203,0.024507691555127414,0.11794994514628501,0.0274718480446694,-0.021239307346407887
1362,3qc7_A,33,0,1.5612580361421726,-0.017320833779296774,0.03960833948552911,-0.012979704942094272,-0.02961964196549971
1363,3qc7_A,41,0,1.4967945284945412,-0.04174314220130243,0.06468789902357447,-0.027239613681104502,-0.03647627938112041
1364,3qc7_A,43,0,1.7938065202701463,-0.020375029630264663,-0.09791595035130862,-0.015507837943894764,-0.040920396224578326
1365,3qc7_A,52,0,1.7424189094481188,-0.002145169588396112,0.008306934007609706,0.00023185255562058193,-0.041555270059357996
1366,3qc7_A,61,0,1.8030367799210922,-0.010044575283465251,-0.05113770602986176,-0.008108606322192458,-0.040920396224578326
1367,3qc7_A,63,0,1.954011510243207,0.004578254358234779,0.06619665467271588,0.0004472975841449678,-0.03736510274981186
1368,3qc7_A,89,0,1.6616985044524308,0.03274000718473846,0.07613873616271433,0.019457900366294023,-0.036349304614164524
1369,3qc7_A,96,0,1.9137963628725525,-0.016500915437430375,-0.06005640182170405,-0.012634590512666077,-0.042063169127181776
1370,3qc7_A,98,0,1.8997119971157914,-0.026348500876606173,-0.00995435209325321,-0.018434674438353504,-0.0386348504193712
1371,3qc7_A,102,0,1.692253037682452,-0.0409410399909535,0.043965260649252325,-0.02770712143000767,-0.03685720368198808
1372,3qc7_A,113,0,1.7961129308487007,-0.011359991174849426,-0.004424741302806401,-0.009255510987469129,-0.042063169127181776
1373,3qc7_A,117,0,1.6822321713683581,-0.04178121128108851,0.05879165493200031,-0.027861037542904782,-0.037492077516767974
1374,3qc7_A,140,0,1.589978859646229,0.022107403411476628,0.16684646516155582,0.02070781287960366,-0.03380980927504562
1375,3qc7_A,142,0,1.7087336568598122,0.017833037414233144,0.1625162830551254,0.012177490165861282,-0.023651827918570678
1376,3qc7_A,143,0,1.802667832901537,0.033254204676061994,0.16632320809571308,0.021988908773551252,-0.0325400616054865
1377,3qc7_A,147,0,2.012924132842815,0.05861263768636407,0.13385738040919343,0.050199537774080094,-0.02581039895682169
1378,3qc7_A,160,0,1.8148918668852507,-0.012071792220077815,0.014264885819011669,-0.009673994092463667,-0.019334685842068877
1379,3qc7_A,175,0,1.9407787838479644,0.03481896805352716,0.16746399098631054,0.027059873304041693,0.6781377090468964
1380,3tbn_A,3,1,1.2916382288353612,0.021224113755216337,0.1013758593033516,0.017943227279785506,0.6315786618258822
1381,3tbn_A,5,1,1.067225377390621,0.011988870121428935,0.07678837305634079,0.006059787034116804,0.4226088738034397
1382,3tbn_A,10,1,0.536299345389847,-0.027137783222425882,-0.04306639228766093,-0.010682440422733447,-0.0035903776573522617
1383,3tbn_A,18,1,0.4412687076055538,0.031851351336475764,-0.07345508503799547,0.022317003305480587,-0.04378746468143202
1384,3tbn_A,26,1,0.26457607310076825,-0.00981721409383618,-0.03991940145513699,-0.0009379970676986621,-0.04048359451506922
1385,3tbn_A,33,1,0.18969433935285984,0.05758072971545308,-0.10360512503673786,0.03775667263532617,-0.04048359451506922
1386,3tbn_A,37,1,0.19441740820025033,-0.04028238915069152,-0.0565252492616278,-0.02000880719227424,-0.04254851336904597
1387,3tbn_A,39,1,0.1654701729176804,0.008509051213103719,0.07623235368254361,0.011675601312257367,-0.03896932068881975
1388,3tbn_A,41,1,0.007108554678797674,-0.004678800716879558,-0.0018288948603547965,-0.00177798160040826,-0.04296149713984132
1389,3tbn_A,43,1,-0.006338462841312342,0.03409999785453233,-0.015214596735151242,0.02458179285102355,-0.04364980342450031
1390,3tbn_A,46,1,0.3398612393517837,-0.023504979288500233,0.007946369440674533,-0.01839109399957274,-0.039244643202683394
1391,3tbn_A,48,1,0.4779383171796918,0.01016041872738413,0.08616081921566562,0.007933239133330716,-0.02685513007882312
1392,3tbn_A,49,1,0.6091057345230051,0.010566791699382898,0.017838369679727573,0.013718525749961255,-0.004416345198942961
1393,3tbn_A,56,1,0.42104998871556854,0.033978981732691815,0.0036152210182568006,0.03975372425969967,-0.04337448091063667
1394,3tbn_A,62,1,0.1881235213961614,0.008898789771259255,0.012640059153036703,0.021528684154941635,-0.04158488457052356
1395,3tbn_A,67,1,0.20688828827226546,0.004045233574951068,-0.10988709496509619,0.009019128292836937,-0.04475109347995443
1396,3tbn_A,70,1,0.31696887316058686,0.014074203895082855,-0.10584710646251985,0.014056941003137466,-0.04048359451506922
1397,3tbn_A,75,1,0.2914638341783866,-0.023064290161250167,0.04882894326262863,-0.018803253873674763,-0.029333032703594997
1398,3tbn_A,77,1,-0.09790021011077177,-0.004527021093256446,-0.0017666550198275018,-0.0015743257974019113,-0.0418602070843872
1399,3tbn_A,80,1,0.2812924741937315,-0.006664905303804924,0.03765085697485002,0.018524104887136267,-0.0402082720012058
1400,4bcl_A,9,2,0.2544327548758004,0.03577690382952067,0.006772162183952407,0.030888009283985662,-0.030415399237363916
1401,4bcl_A,15,2,-0.19129621480353698,0.031790778414119925,0.007818549366034239,0.02857768423671614,-0.04756234197452924
1402,4bcl_A,26,2,-0.15153721477119997,0.03413201773760252,-0.015527037104574537,0.028699127050178075,-0.04619555668388564
1403,4bcl_A,104,2,0.6336686581341605,-0.0002601938675336618,0.01731110361135381,0.006176994040656664,-0.042095200811954836
1404,4bcl_A,114,2,0.19067709080909495,0.04475085247066052,0.0012558891801976169,0.03267833268382897,-0.04395899893555977
1405,4bcl_A,133,2,1.1003862613463637,-0.011103231007742687,0.04907445165565147,0.014127217542055814,0.030592926008637722
1406,4bcl_A,157,2,0.7092353131861054,-0.028423084991755374,0.038293209754894905,-0.022292475413239005,-0.04296497326963711
1407,4bcl_A,164,2,0.6832432006373146,-0.013787551549327981,0.040236303268090134,-0.014197478355118281,-0.043089226477877496
1408,4bcl_A,167,2,0.8406900384743728,-0.02966513196993345,0.0008961645050741401,-0.023510156715941255,-0.03538552756697699
1409,4bcl_A,174,2,1.247455176321754,-0.020691897510254312,0.06402391345113312,-0.016599490868895533,-0.02631504336543311
1410,4bcl_A,197,2,0.4911461935909107,-0.003975616570036783,-0.02917554117912935,-0.002455198657685731,-0.04507727780972259
1411,4bcl_A,204,2,0.6716619977078853,0.014975308006034999,-0.039958242682021916,0.01190477442313223,-0.041225428354272564
1412,4bcl_A,220,2,0.4281344240862176,0.04656615791899771,0.02302405979723668,0.03770984749816497,-0.04520153101796298
1413,4bcl_A,232,2,0.24007518979534037,-0.06721151951929999,-0.14050215762328397,-0.04834638889509563,-0.04532578422620359
1414,4bcl_A,292,2,0.5581933201243794,-0.006989792131059935,-0.074592849469103,-0.00814588984206005,-0.04594705026740509
1415,4bcl_A,301,2,0.18229897762214975,0.0035637867448095883,-0.047857241776260495,0.0035505672127893184,-0.03650380644114004
1416,4bcl_A,304,2,0.26014431727934095,-0.004015456314079402,0.009945063915753616,-0.004616183581098554,-0.02917286715496048
1417,4bcl_A,308,2,0.3899820933238245,0.015354960315995203,-0.010911068110953825,0.01805685238196325,-0.04097692193779179
1418,4bcl_A,335,2,-0.11281308049521799,-0.014794359555426365,-0.08447024773809911,-0.009618763265231006,-0.04333773289435805
1419,4bcl_A,348,2,0.06029698548773166,-0.02531297429145489,-0.011605785268873028,-0.019229549885692754,-0.04731383555804869
1420,4fbs_A,5,1,0.311808594462877,0.03989697567052225,0.0016073447521615103,0.025320378708034386,0.5193847374264812
1421,4fbs_A,7,1,-0.2509329088667941,-0.003695006744425605,-0.059034969222019826,0.005703462262520637,0.20331449151111358
1422,4fbs_A,19,1,-0.36453736017787586,-0.030121796281985358,-0.08315320603110798,-0.0266617463306989,0.016645827111619438
1423,4fbs_A,34,1,-0.0856962054840269,0.0332400488963856,0.08869090212003886,0.02212671122053958,0.04706896489354295
1424,4fbs_A,44,1,-0.2856276586366261,-0.02827606988539895,-0.04424190402109063,-0.026226174322361323,0.040323563303885646
1425,4fbs_A,47,1,-0.22574843665547617,-0.031090162336898264,-0.05924367468243982,-0.028764618332395686,0.05450267276785903
1426,4fbs_A,56,1,0.1660815292531188,-0.012890354029173129,0.048377459039268794,-0.01671810541654306,0.08905564825773604
1427,4fbs_A,66,1,0.14275161342500364,-0.03397474623142095,0.02379507329954586,-0.02970876898583938,0.1486629725091968
1428,4fbs_A,68,1,0.013635383760653208,-0.03714550606786775,-0.05578905418036445,-0.03328290661137415,0.09511274356273436
1429,4fbs_A,74,1,-0.04741390529151923,-0.016774317285379745,-0.054931239279769506,-0.0192974125665184,0.043627433470248445
1430,4fbs_A,87,1,-0.17919404119203242,-0.03622969959235689,-0.06819415835782124,-0.0271606740694781,0.11300870696386567
1431,4fbs_A,89,1,-0.09847213903523455,0.023884920649513613,0.026394183879991928,0.013897172293464766,0.07804274770319353
1432,4fbs_A,91,1,-0.13609178076098294,-0.032282985858923224,-0.061760635253247737,-0.028877383433510456,0.03385348422809198
1433,4fbs_A,113,1,0.16735196136903485,0.034569261346657595,0.06080637546646486,0.020658704886364537,0.0846504880359189
1434,4fbs_A,114,1,0.2071953188009783,-0.032662333126719165,0.0409794871320229,-0.029072728159740102,0.0836868592373965
1435,4fbs_A,115,1,0.10906368248110931,-0.019463417829339233,0.04719802294108277,-0.019147114683183003,0.11631257713022847
1436,4fbs_A,117,1,0.08049387627527904,-0.02857329910433004,-0.020928998958214123,-0.025403231680855842,0.05863251047581253
1437,4fbs_A,118,1,0.10286902926405173,-0.030695899296893522,-0.03252767462705897,-0.027897462041133164,0.06992073354421846
1438,4fbs_A,123,1,0.010956359076943034,-0.03272858790949193,-0.1288305905230236,-0.028799527131605718,0.060835090586720986
1439,4fbs_A,127,1,0.08295100912051412,-0.02647384119040236,-0.0812997595243844,-0.02421938131362905,0.1276008001986344
1440,4gvq_C,4,1,-0.49052960394672873,-0.035024102566574955,-0.13522346037962613,-0.031080641243169504,-0.04364980342450031
1441,4gvq_C,14,1,-0.3914851512422231,-0.02427832097557471,-0.035146554357148946,-0.02365250395552662,-0.04323681965370496
1442,4gvq_C,18,1,-0.31930859487088137,0.01134624554801801,0.02788411897648252,0.004823058588803636,-0.04158488457052356
1443,4gvq_C,35,1,-0.22031620603344476,0.0349988110230048,-0.008111422038505095,0.03330291400728566,-0.04461343222302272
1444,4gvq_C,36,1,-0.1863127030977274,0.04958035950275494,-0.04607957706917107,0.03205606582623624,-0.04433810970915908
1445,4gvq_C,87,1,-0.32217908550590135,-0.012948707617526284,-0.13338126608155204,-0.015839406108482196,-0.04241085211211426
1446,4gvq_C,99,1,0.22822890169987942,0.028764980301436552,0.11417723549015166,0.030743227435668707,-0.030434322759049337
1447,4gvq_C,130,1,-0.16362361458834218,0.02192561749891557,0.06901467113241883,0.036144803800402886,-0.02148634105848357
1448,4gvq_C,147,1,0.09013376938716855,-0.02235575785132754,0.047442844651635396,-0.0226919071844017,-0.04007061074427387
1449,4gvq_C,151,1,0.052250920787663246,-0.027285627436418464,0.004409011077282837,-0.025056357275050928,-0.04309915839677303
1450,4gvq_C,169,1,-0.19003514151422185,0.0004989372902770017,-0.05158051170281906,0.005971210156511725,-0.03786803063336541
1451,4gvq_C,207,1,-0.07840678894172148,0.03485350163726254,-0.013369526872334496,0.033212120635114945,-0.04227319085518255
1452,4gvq_C,208,1,-0.06688595473637071,0.05099086414177134,-0.029538765702509767,0.040710410278125275,-0.04309915839677303
1453,4gvq_C,219,1,0.21998965000770576,-0.013780876991496938,-0.026478770632639842,-0.016623617065092244,-0.018182470892120994
1454,4gvq_C,227,1,-0.23615025895150799,-0.0377209758993301,-0.11560525449426495,-0.03291653026119781,-0.0426861746259779
1455,4gvq_C,248,1,-0.3791656481373765,0.006457037702007937,-0.11475369682840093,0.0007922921908264657,-0.04296149713984132
1456,4gvq_C,260,1,-0.06521908960636491,0.033818836431995694,-0.04750637877813507,0.022103651604748087,-0.037179724348706644
1457,4gvq_C,263,1,0.0800989020853049,-0.02777569190461382,-0.020055202034709008,-0.02572628597576629,-0.033600531668480205
1458,4gvq_C,277,1,-0.24573787600673558,-0.020512362069101786,-0.013259330806145303,-0.020476482700082982,-0.0008371525187165219
1459,4gvq_C,292,1,-0.274270667908585,-2.4673780373546395e-05,0.04332379145074902,2.9305372203428104e-05,-0.035665450522456954
1460,4h4n_A,2,1,0.7550194620553501,0.04785031121870151,0.11926151666102519,0.03780850978373412,0.4782240216038789
1461,4h4n_A,3,1,0.4809641654733243,0.01781206629774426,0.12707368811105366,0.017594798751123214,0.4049882329161718
1462,4h4n_A,7,1,-0.07503454495502715,0.04468525269392429,-0.0499265962241951,0.02841311297610849,-0.013226665642576796
1463,4h4n_A,8,1,0.17355457702423338,0.025093015634754398,-0.010139484954151207,0.026204265673419797,-0.02451488871098273
1464,4h4n_A,9,1,0.11458894710675616,0.03883342705226206,-0.02997361841734443,0.038920401364532564,-0.030434322759049337
1465,4h4n_A,10,1,-0.0061030164461429726,0.025545824103115636,-0.0280930169769342,0.024646639030251105,-0.03621609555018401
1466,4h4n_A,14,1,-0.41680493017931675,0.014454256345433902,-0.0567088219024561,0.010414977484292542,-0.034426499210070904
1467,4h4n_A,18,1,-0.1378196234601362,0.039285137695585615,-0.07693831661599505,0.035234592666428644,-0.03965762697347852
1468,4h4n_A,19,1,-0.060460495860973684,0.0327317454933322,-0.06371539894207384,0.033155133704778045,-0.038005691890297344
1469,4h4n_A,26,1,0.04770821631986122,0.02237574057564006,0.09993787083477179,0.016695953295028446,-0.029470693960526928
1470,4h4n_A,27,1,-0.057108985283558455,-0.008194705649694628,0.043376223004233605,-0.00611980232359606,-0.02189932482927892
1471,4h4n_A,34,1,0.09041556083826874,0.06222090767789806,0.06023258092606597,0.05074882529360955,-0.029333032703594997
1472,4h4n_A,36,1,0.07364293925307819,0.03182673986187076,-0.0038840227294415913,0.030817014954646504,-0.030571984015981046
1473,4h4n_A,41,1,-0.207814392802681,-0.03532931381679852,-0.01757350593201662,-0.023428749489447454,-0.032086257842230737
1474,4h4n_A,42,1,-0.28669202960229345,0.04228007634084377,-0.02938144984796834,0.03692797803672582,-0.03621609555018401
1475,4h4n_A,44,1,0.12787123878361473,0.029495923508855965,0.006011129768913895,0.03712232901224058,-0.03236158035609438
1476,4h4n_A,48,1,0.04400541093378507,0.047239765075141354,-0.0534279995648889,0.043394104206115613,0.0023290563907143458
1477,4h4n_A,50,1,-0.08337876296510083,0.019778496588317915,0.07116356996046946,0.018597353718557474,0.0037056689600321047
1478,4h4n_A,53,1,-0.15570318086937207,0.009240803112259291,-0.039861491382620726,0.014537947842266197,-0.016255213295075954
1479,4h4n_A,60,1,0.05671511780651395,0.030454124300796137,-0.04453152600720596,0.03772456949632208,-0.034839482980866254
1480,4kmn_A,3,2,0.4003130909122079,0.029542448083587414,0.07152315544202653,0.02297601724378101,0.1434148390908565
1481,4kmn_A,8,2,-0.2772122668254873,0.015572415553632313,0.06952768490983233,0.009388808588442543,-0.03861611098122553
1482,4kmn_A,14,2,-0.1342299736235929,-0.01694728986776147,0.007066698215139944,-0.014709272159649844,-0.04545003743444376
1483,4kmn_A,24,2,-0.16945811573478542,0.050091087741685025,0.11867884025745365,0.0382823558438411,-0.02097215541109887
1484,4kmn_A,37,2,-0.44957188985551244,-0.026704162566888817,-0.132037795151956,-0.015435806683045311,-0.04631980989212603
1485,4kmn_A,40,2,-0.04612689277854165,-0.013118998785448033,-0.07682350279657107,-0.0020378570742597413,-0.0471895823498083
1486,4kmn_A,44,2,-0.07628027430534345,0.026683659280379537,0.04648997868773236,0.026131518829833583,-0.02830309469727843
1487,4kmn_A,49,2,0.11026645673941671,-0.00864492529573313,0.0018385693399478875,-0.0013471566940214674,-0.04681682272508736
1488,4kmn_A,58,2,0.005081978042164925,0.01975900490863612,0.058463617133397094,0.020258864070596322,-0.032403450569209236
1489,4kmn_A,60,2,0.062384810954296155,0.018594112171600286,0.0531315320247947,0.018646667827505514,-0.03985864306362896
1490,4kmn_A,65,2,-0.1174656651160575,0.04251577337553358,-0.05588691143404667,0.030983775851707973,-0.046568316308606805
1491,4kmn_A,66,2,-0.13695327832198945,-0.011308962498676065,0.021595770978775505,-0.012933779969662995,-0.04694107593332775
1492,4kmn_A,69,2,-0.045192465588624775,-0.010013196403576369,-0.044299618060217386,-0.01124406969433478,-0.043586239310838826
1493,4kmn_A,78,2,-0.012796225105830006,-0.01568627846159143,-0.03165611345775429,-0.013097552158311432,-0.03799484494002403
1494,4kmn_A,82,2,0.02005371335652295,-0.000340166995000446,0.05909205494038576,-0.008538741221936291,-0.040231402688349904
1495,4kmn_A,83,2,-0.008256307026420107,0.0048398716074829345,0.04775483809199027,0.0054780975177322055,-0.043213479686117884
1496,4kmn_A,85,2,0.12097144793697534,0.025580799024528686,0.031997776664041994,0.01645840564057917,-0.037249325690581925
1497,4kmn_A,86,2,0.13386563465911727,-0.01940518336109831,0.062291465776191685,-0.015729193109620704,-0.04134968156251295
1498,4kmn_A,89,2,0.12307653924058792,-0.02841025553509753,0.03582802159565676,-0.022056045294317317,-0.022214687493502083
1499,4kmn_A,98,2,0.27234836041034893,0.005400129820363697,0.1402037367859575,0.01723936999839587,0.2818329130705831
1500,4koq_A,11,2,-0.0823540885038001,0.03312801430148812,0.06746283541285283,0.025943769295532493,-0.024202738825347403
1501,4koq_A,17,2,-0.33731794596780507,0.04061882071917666,-0.01833496628741839,0.03742000061102482,-0.024202738825347403
1502,4koq_A,24,2,0.025187065999716207,0.03755956324504872,0.018301234675603545,0.031338885833319896,-0.04234370722843539
1503,4koq_A,28,2,-0.10982555895215351,0.03559677739535275,-0.10464526409172771,0.024798400997959158,-0.027060562614874994
1504,4koq_A,29,2,0.38791049152315493,0.013909046975366879,0.025683235151597872,0.011198053227703675,-0.0214691682440602
1505,4koq_A,32,2,0.610402210884918,0.02595482126840437,0.079889121957296,0.020085793602472618,-0.0214691682440602
1506,4koq_A,35,2,0.5293314182004185,0.01624167592298674,0.09658328245165322,0.009777625361969605,0.021770948223574393
1507,4koq_A,39,2,0.5866816286824187,0.015548527679056456,0.08695355703055155,0.016704251473528664,-0.01562926745676485
1508,4koq_A,48,2,-0.04130006456837387,0.009002593881368787,-0.04000246514399733,0.018781502992639754,-0.04756234197452924
1509,4koq_A,67,2,0.010462971780288988,0.040381911964738754,-0.01216626332127585,0.03430998921521322,-0.04681682272508736
1510,4koq_A,69,2,0.11375487010993734,0.025108589538150206,-0.02572479158809407,0.021279297011176368,-0.047438088766288855
1511,4koq_A,80,2,-0.07371088669736048,-0.03906380617170935,0.009729487604414444,-0.0239410115631688,-0.018859850871013162
1512,4koq_A,91,2,-0.010694545076582407,-0.009069414600667347,-0.016015561815663493,-0.0013175680742298357,-0.03861611098122553
1513,4koq_A,97,2,0.661623191858765,0.050549080193716206,0.10392770451332597,0.038033532236714324,-0.007552808921143406
1514,4koq_A,102,2,0.48733703735858747,-0.017296071917506567,-0.09057551303943956,-0.01243640348790337,-0.03836760456474497
1515,4koq_A,129,2,0.3609216728977318,-0.02883787506295779,0.03759633866274206,-0.012284308965188895,-0.007925568545864348
1516,4koq_A,131,2,0.3997026728730617,0.008046833825518962,0.08114376549230459,0.017279417467443853,-0.030539652445604082
1517,4koq_A,132,2,0.2551788662433483,0.07376308238991841,0.12648584320864362,0.05504462608655869,-0.015380761040284074
1518,4koq_A,150,2,0.034851814581663976,-0.019520051386081927,-0.04060086489603247,-0.016302351052842334,-0.04495302460148243
1519,4koq_A,167,2,0.38310270486011233,-0.022114480422635113,0.03258349394258678,-0.01786427839869492,0.04562756420571756
1520,4u9b_A,4,0,-0.1603231162883969,-0.008661847367749165,-0.04995898209686733,-0.007790800293058786,-0.03469863264373707
1521,4u9b_A,21,0,-0.1732277125694156,-0.006947843410927301,-0.038604350213943706,-0.006414768348978139,-0.03736510274981186
1522,4u9b_A,27,0,-0.04476465114212391,0.012172296746337297,0.06808627239514128,0.005188274923506597,-0.03342888497417795
1523,4u9b_A,34,0,-0.1855184120305402,0.011373111181702839,0.1613478085586347,0.013786422592141634,-0.0024470418369291203
1524,4u9b_A,37,0,-0.11298416458954719,0.031263717071676966,-0.045515547694115754,0.021124222677644633,-0.0060023353116953615
1525,4u9b_A,49,0,-0.19004359558738326,-0.024774777745897703,-0.05825009471184267,-0.018031523215621792,-0.039396699021106985
1526,4u9b_A,52,0,-0.110944249222664,-0.01457512985913173,0.016128851111634562,-0.011665071336999011,-0.041936194360225665
1527,4u9b_A,64,0,-0.13018510992898003,-0.020774665372192913,-0.0624321390067927,-0.015352513333914075,-0.0366032541480763
1528,4u9b_A,69,0,-0.18527337017186662,-0.014789292419162492,-0.1401724094038701,-0.011638451950626238,-0.042317118661093556
1529,4u9b_A,73,0,-0.11849487457689367,-0.010713420813196206,-0.07508261888312992,-0.009030648890348547,-0.042951992495873226
1530,4u9b_A,84,0,0.22076985184140274,-0.006931712186391381,0.025545586751014038,-0.007003281342678247,-0.011589225057756725
1531,4u9b_A,109,0,0.09882251790711583,0.0031527938958393065,0.04414195001585387,0.0009122503013586081,0.008472788121281383
1532,4u9b_A,116,0,0.37566118095917533,0.06368902136185031,0.024095983240559282,0.044406856882356016,-0.03292098590635395
1533,4u9b_A,118,0,0.3063081744006946,-0.0011449834502851863,-0.007471887192246354,0.004181739266213624,-0.007145108214298812
1534,4u9b_A,119,0,0.2948185664413162,0.004007731910488546,0.044063098053485975,0.0003709866313727772,-0.008795780184726043
1535,4u9b_A,120,0,0.31175292603966753,0.01348796902550789,0.08275132452087536,0.00695027683131369,-0.022001155948143447
1536,4u9b_A,145,0,-0.13269872183508125,-0.023085317374882286,-0.03908351703729024,-0.01733258489194517,-0.044348714932388456
1537,4u9b_A,156,0,0.13000734971375905,0.015273038731606958,0.01789763761796953,0.011320777086978151,-0.03444468310982529
1538,4u9b_A,169,0,0.08262506209567744,0.04187077868479944,0.032858143266830175,0.04194888319272655,-0.02885779336376415
1539,4u9b_A,173,0,-0.07802196253362381,0.012705848521152835,-0.0944944399733332,0.013077305870584865,-0.041174345758490105
1540,4xb6_F,2,3,-0.6585178278190466,0.0344643608053323,-0.011203950881108288,0.01939616397598476,0.04497744224409139
1541,4xb6_F,7,3,-0.5797453316455483,0.031832530140260454,0.010687756135628945,0.033086839355555814,-0.016318416617108422
1542,4xb6_F,23,3,-0.44652649080484114,-0.0033958612827121037,-0.08938063443612142,-0.002759709082914591,-0.03944200409169296
1543,4xb6_F,42,3,-0.6364275014668974,-0.09146544611578217,-0.07082025421008194,-0.0924780742125782,-0.0313671005291396
1544,4xb6_F,47,3,-0.4929362004518255,-0.005187531409697341,-0.06404965028954974,-0.003910391488293946,-0.04323476182561947
1545,4xb6_F,48,3,-0.4690227114203742,0.006538422194699106,0.0016732341575009663,0.0037902455783033057,-0.04225598563621902
1546,4xb6_F,90,3,-0.036793329368230765,0.017912535211457248,-0.06825525647847769,0.007308374632803066,-0.03418108207366588
1547,4xb6_F,91,3,-0.4618836592495976,-0.05283933582677633,-0.13465011340159036,-0.03653295755897401,-0.039564351115368046
1548,4xb6_F,103,3,0.06802951862663542,-0.01195151620830262,0.06130887828268562,-0.008516206892803302,-0.0352822052867412
1549,4xb6_F,113,3,0.4103944251547126,0.05184270007369281,0.04027292201988128,0.03961941657987966,-0.0033496321075532354
1550,4xb6_F,127,3,-0.5004800630902955,0.015164599067606283,0.05148335909618161,0.028678922079930974,-0.03442577612101583
1551,4xb6_F,129,3,-0.5602851358379406,-0.006593524349334676,-0.015680303547322333,0.01705573986870218,-0.03980904516271799
1552,4xb6_F,130,3,-0.43149454255255226,0.008266984538522898,0.0012538406525564316,-0.007472907142995477,-0.026228525534787606
1553,4xb6_F,133,3,-0.38349862786570776,0.006678856989309978,-0.03778689595005952,0.0019280561652746941,-0.025983831487437437
1554,4xb6_F,145,3,-0.3790759748450927,-0.015473263303693474,0.052149447836611296,-0.01567016433874402,-0.03246822374221514
1555,4xb6_F,151,3,-0.564742993329686,0.024759190039770645,-0.06859302391530842,0.022158285700776187,-0.03601628742879148
1556,4xb6_F,157,3,-0.27677715849699314,-0.010988732151778244,0.03781123254923095,-0.006762586706928295,-0.038952615996992845
1557,4xb6_F,171,3,-0.6651167834125554,0.010659341005853112,-0.06874584896087638,-0.0007346378837921608,-0.03295761183691526
1558,4xb6_F,172,3,-0.6956229774269733,0.0670967267909729,-0.017094188947860356,0.04027919774015995,-0.038707921949642676
1559,4xb6_F,189,3,-0.19371011068686184,0.035489720803006886,-0.0004510659117141491,0.0213572419924955,-0.0399313921863933
1560,4yxp_A,22,4,0.49600113396334145,-0.012688834556067452,-0.09227240252635324,-0.006484496684758201,-0.01268170754410125
1561,4yxp_A,51,4,0.7486052813924319,-0.046071926647017314,0.07013212964019477,-0.03442352084706354,0.11942561942468766
1562,4yxp_A,82,4,0.28970874166317284,-0.014645921649231758,0.055158131834174784,-0.008605804741402157,-0.04373373903779587
1563,4yxp_A,100,4,0.293338180555776,-0.014677287123458893,0.06070816804022962,-0.007878567472010212,-0.0411460697466548
1564,4yxp_A,106,4,0.17768178113954025,-0.008391992934095649,-0.06234800139060867,-0.003736180017832602,-0.04441470464072772
1565,4yxp_A,109,4,0.0551507609716575,-0.026322937130100976,-0.008218316656126878,-0.015612382548349568,-0.03624311740554509
1566,4yxp_A,112,4,0.21164044124283565,0.00029670102857459746,-0.003369363638681677,0.0013962588377420815,-0.03692408300847694
1567,4yxp_A,115,4,0.07381401290553768,-0.02910686430862075,-0.07315719328952029,-0.01711549343462157,-0.046321408328937164
1568,4yxp_A,121,4,-0.0541007136923336,0.0005234493073841828,-0.03893297000949657,0.0004269633362731229,-0.04999862258476928
1569,4yxp_A,134,4,0.24677518065870352,0.058810832974417526,0.07590722682638072,0.0341714750578731,-0.04400612527896852
1570,4yxp_A,142,4,0.12692082699602902,0.0007681069514696159,-0.07237094069558075,-5.655350915789725e-05,-0.048909077620078234
1571,4yxp_A,153,4,0.32516598393924734,-0.018502444182681987,0.056453056391230605,-0.011285533826786487,-0.047547146414214536
1572,4yxp_A,163,4,0.7824434047436428,0.005226901006569251,0.021315001168589642,0.004189697841069706,-0.04836430513773293
1573,4yxp_A,182,4,0.19176321552546505,0.02541408783988494,0.09581532455487922,0.015391064043223546,-0.039647945420204556
1574,4yxp_A,206,4,0.30008325749273945,-0.06888507970178823,-0.050415886778242186,-0.061175814711295934,-0.01935517045283386
1575,4yxp_A,210,4,0.17500976930067302,0.017886088013460172,0.07921435228371818,0.010773627463981361,-0.04182703534958665
1576,4yxp_A,220,4,0.3169080910241865,-0.05288748834788745,0.022557819579723387,-0.04972421299433746,-0.03120397194384883
1577,4yxp_A,225,4,-0.09916436513530735,-0.02249003006173894,0.0509637258764149,-0.017931793589100686,-0.04741095329362821
1578,4yxp_A,227,4,-0.04186264573578424,-0.011362386482224332,-0.03152214456520855,0.0015496469602986063,-0.046321408328937164
1579,4yxp_A,231,4,0.14432833185582916,-0.014667226673413969,-0.09616930572205896,-0.008736945724896361,-0.0438699321583822
1580,4zds_A,5,4,-0.35311624063017194,0.0033048473805042666,-0.10795159323268426,0.0031360725926527777,-0.028752495773293862
1581,4zds_A,9,4,-0.4487811803837456,-0.004337326794501661,0.10652847599651462,0.0012836052725586633,-0.02725437144684384
1582,4zds_A,11,4,-0.22755258035815318,-0.017472479034617627,-0.013359871675752408,-0.01160598673225921,-0.01663130804110602
1583,4zds_A,28,4,-0.0823667636618235,0.016050057698602432,0.04717972267993763,0.019999380290355667,-0.023713350311598047
1584,4zds_A,31,4,-0.33032296266539396,-0.01998801914847409,0.009808423825765772,-0.015523573437346394,-0.02984204073798513
1585,4zds_A,41,4,-0.3266604448171594,0.04460564684864382,-0.04139929517894547,0.023672774707555355,-0.028752495773293862
1586,4zds_A,57,4,0.18903653010126287,-0.014085798237883265,0.1465266437892741,-0.006082217241739046,0.2725066869637789
1587,4zds_A,59,4,0.07261095362348158,-0.023124851319056096,0.029114834592986832,-0.024726456335348215,0.21612273504101753
1588,4zds_A,62,4,-0.10514250944805925,0.03155102270782836,-0.10099891790767755,0.01352101287039914,0.011152088558515239
1589,4zds_A,67,4,-0.2602508142120975,0.061270684977926704,-0.06485208268260076,0.04683224256233909,-0.0066892102383004914
1590,4zds_A,74,4,-0.25858967748853967,-0.0021970074166801357,-0.04036784630373676,-0.001211916949881875,-0.019899942935179382
1591,4zds_A,79,4,-0.34928747238792157,-0.011430040235348465,-0.05468625159857286,-0.006211074841991959,-0.0420994215907593
1592,4zds_A,80,4,-0.32152801688893307,-0.006966659885113413,-0.053810709870408036,-0.0035707113256615575,-0.03665169676730429
1593,4zds_A,82,4,-0.30655454450217684,-0.002913088423053045,-0.12640265742409112,-0.00031411513285789505,-0.04373373903779587
1594,4zds_A,87,4,-0.4183438343218956,-0.055491136914137706,-0.04326199660508001,-0.03731288936362748,-0.019218977332247533
1595,4zds_A,101,4,0.12268590349726338,0.04300848844150032,0.11987884781989869,0.034343470858126335,0.004342432529196305
1596,4zds_A,106,4,-0.01072609465007135,0.02974516069339364,0.014686717708650404,0.014123148658394702,0.038799292037550615
1597,4zds_A,120,4,-0.22185240710417253,0.011225320152111529,0.04117407671834905,0.008928730516198857,-0.0133626731470331
1598,4zds_A,121,4,-0.19875749333821635,-0.004829899900307855,0.057179676164176366,-0.002784641777069663,-0.004237734067745524
1599,4zds_A,122,4,-0.25703526335525706,0.0020773072416674643,-0.035733452956831044,0.0017451863388560085,-0.0133626731470331
1600,4zds_B,6,4,0.016539961412049276,0.004178817250416023,-0.05481278742638443,0.003149236964179236,-0.00941307265002811
1601,4zds_B,12,4,-0.17082597561182045,-0.009170257326826636,-0.09298163536526526,-0.00453766386060056,-0.030250620099744108
1602,4zds_B,16,4,-0.26156701956430894,-0.00134983281011683,-0.09820528006829266,0.00044344115342775936,-0.03951175229961801
1603,4zds_B,28,4,-0.004324056654954167,0.044218114384774576,0.03786179441025633,0.03589579285243702,-0.01731227364403809
1604,4zds_B,36,4,-0.13927202485191748,0.00031754407161060927,0.042729544603972436,0.003161835106828409,0.009926350473237866
1605,4zds_B,44,4,-0.2307858921086655,0.008893844476833168,0.02700844350957493,0.0196471790508497,0.012786406005552031
1606,4zds_B,62,4,-0.07225891757816194,0.035856789621337065,-0.0988298395354682,0.019062019846892986,0.023545662531875955
1607,4zds_B,63,4,-0.07722864521522521,0.04057595101114975,0.1742106560514607,0.019818255964264286,-0.0013776785354315813
1608,4zds_B,72,4,0.07676835212590838,0.04307041609449677,-0.03512581501477899,0.03573529717510476,-0.00342057534422735
1609,4zds_B,75,4,-0.13489923430532047,-0.021415213416194873,-0.10617641817357198,-0.012663498240642057,-0.030659199461503306
1610,4zds_B,77,4,-0.15400703064629018,-0.017781846205075363,-0.11654164569763013,-0.011349622542375315,-0.02330477094983885
1611,4zds_B,84,4,-0.04648031602811742,-0.010328428228553704,0.07083348191241295,-0.006334215355436379,-0.02098948789987043
1612,4zds_B,89,4,-0.08348942031348172,0.020060439903917537,0.060289550339542905,0.011631598964185086,-0.012954093785273901
1613,4zds_B,114,4,0.014701946911582553,-0.013663924785594028,-0.06952936371235775,-0.007897574610589153,-0.029705847617398806
1614,4zds_B,115,4,-0.07957982590827373,-0.01635378346815322,-0.06298137321088045,-0.00999370741184652,-0.031067778823262504
1615,4zds_B,118,4,0.018785184323105275,-0.02762552994837586,-0.08904980704235943,-0.017820879752204255,-0.022759998467493325
1616,4zds_B,123,4,0.10795495725611137,-0.01740114264092546,-0.03100112969168528,-0.009807230024430902,0.0024357288409870836
1617,4zds_B,125,4,0.23392900280033013,0.04654317688552212,0.0007388173788445418,0.027189841252158287,0.009381577990892342
1618,4zds_B,127,4,0.1744897887951744,0.0007102003808958784,-0.00022980389214777297,0.014641416697885934,0.019323675793698314
1619,4zds_B,129,4,0.7472690293986952,0.03563078326736624,0.12651225242671968,0.030448691779746018,0.01973225515545729
1620,4zi3_C,7,3,0.046790126653968755,-0.009113097147288363,0.04108662409510719,-0.006531231463557524,0.08828828862505911
1621,4zi3_C,8,3,-0.022324191365202695,-0.003876175237616228,0.03509298111610412,-0.0033539644109440436,0.03396621011333689
1622,4zi3_C,23,3,-0.20030886929008695,-0.04714072030021024,0.012451573450973336,-0.03496879824022847,-0.02757434279521309
1623,4zi3_C,30,3,-0.17324939705727704,-0.003233092087729081,-0.1030934543207111,-0.0024802016583923836,-0.04384649694399467
1624,4zi3_C,33,3,-0.20632190531647843,-0.01010287203480767,0.016502255638899316,-0.006970765948018709,-0.04494762015707021
1625,4zi3_C,38,3,-0.37671950416513467,0.01531885423878157,-0.11168645662365806,0.009180158684513384,-0.03711741064186702
1626,4zi3_C,45,3,0.46557868360602694,0.05112367311399442,0.1293234731174468,0.036468314133369456,0.11838565644912125
1627,4zi3_C,54,3,-0.16913544366216082,-0.014933901415618886,0.018229602929499877,-0.009797243695739907,-0.042990067778269525
1628,4zi3_C,55,3,-0.19238236236797868,-0.008869217663325837,-0.05503581153867852,-0.005868252059171006,-0.04311241480194439
1629,4zi3_C,65,3,-0.11177829200007472,-0.0019987773240631307,0.003470131346877542,-0.002990044381114332,-0.04323476182561947
1630,4zi3_C,75,3,-0.16441670934272423,-0.038900602211993845,-0.052755887367634785,-0.028982982287857867,-0.033202305884265426
1631,4zi3_C,76,3,-0.08731156608510349,-0.025287711758478132,0.04245778281976423,-0.011146087961675766,-0.012280964835831965
1632,4zi3_C,85,3,-0.05635454576811272,0.01013355789437835,0.030062863997205855,0.0019702320825003283,0.04179641962854008
1633,4zi3_C,95,3,0.34900113682538025,0.04624737195268218,0.09972798607253504,0.03637321016985416,0.090857576122235
1634,4zi3_C,99,3,0.019207376713214264,0.0006572251504408932,0.018046389551378203,-0.002071561674485245,-0.004083714249603521
1635,4zi3_C,102,3,-0.0450573855609967,-0.007030887325001983,-0.0009567216018642744,-0.003712941984653939,-0.00836586007823037
1636,4zi3_C,103,3,-0.16376239590822095,-0.008190262602745954,-0.02803016345047958,-0.005772357122782304,-0.03821853385494256
1637,4zi3_C,122,3,0.05436607466157051,-0.00989555058228471,0.02148413294343024,-0.007889560185385835,-0.01827596899590933
1638,4zi3_C,124,3,0.1732371206302974,-0.01431646512665842,0.0335230053772073,-0.009380469076296444,-0.011913923764806711
1639,4zi3_C,129,3,0.5142702791031638,-0.004517901482682815,0.04097824697320579,-0.004047703296702107,0.00986384644935212
1640,4zi3_D,4,3,0.2141427405800398,-0.008294830937685418,0.05777346446489126,-0.005978893743003227,0.12009851478057199
1641,4zi3_D,10,3,-0.17079053947786293,-0.012663046333400041,0.03218242634911617,-0.008657915818348502,-0.01619606959343356
1642,4zi3_D,12,3,-0.21851820342265116,-0.011279390415389251,-0.11809093865248074,-0.0073636716077016134,-0.012892699954207165
1643,4zi3_D,20,3,0.03833273456232822,0.00046263176035400005,-0.047284078617913644,-0.005363938726830997,-0.00983402436233094
1644,4zi3_D,30,3,-0.041007975103510286,-0.01310722362020876,0.041002058459228746,-0.008701389758689893,-0.04347945587296964
1645,4zi3_D,42,3,0.12573014294618656,-0.014444995352723006,0.07785009825644704,-0.012058616755469043,0.030295799403085466
1646,4zi3_D,46,3,-0.1633136799731424,-0.00539051150108627,0.09963943211655664,-0.0003986155267225455,0.03102988154513575
1647,4zi3_D,49,3,-0.13244898886977063,-0.004382930727557577,-0.025574777780977623,-0.0031534130768157836,-0.02573913744008749
1648,4zi3_D,59,3,-0.10072971625413674,-0.021401894960428547,-0.007184331536089314,-0.014309373007691209,-0.04494762015707021
1649,4zi3_D,63,3,-0.06276652804397076,0.0015513094022920337,-0.02748247504654952,-0.0010411211208325721,-0.04286772075459444
1650,4zi3_D,69,3,0.13421742802002135,-0.014557968857312989,0.03510451644031437,-0.0105758417989847,-0.03038832433973937
1651,4zi3_D,71,3,0.16983183741373775,0.014379166869637111,0.07324148034444425,0.012964071869983051,-0.02928720112666383
1652,4zi3_D,74,3,-0.013569886052092306,-0.0336876179546107,0.057067510997922566,-0.015927247855555493,-0.009344636267630824
1653,4zi3_D,80,3,0.13236075327610153,-0.0164545126509974,-0.0026463820674537814,-0.01080036421577689,0.003134760147224247
1654,4zi3_D,109,3,-0.1537940882236004,-0.0024424739094396353,-0.032520466165619155,-0.001835643086501873,-0.03626098147614165
1655,4zi3_D,115,3,-0.00888045909576718,-0.006849636197347686,-0.06859712389939417,-0.006153865848561507,-0.03944200409169296
1656,4zi3_D,116,3,-0.03221044122643835,-0.012082751753382873,-0.11774555074922771,-0.008281488601514328,-0.03980904516271799
1657,4zi3_D,117,3,0.06767100042732843,-0.014588470133925086,-0.018443504909511466,-0.008949137620167691,-0.03479281719204108
1658,4zi3_D,120,3,0.1556333532228551,-0.024167318196335913,0.03049317846991105,-0.01615151654992969,-0.018887704114284753
1659,4zi3_D,126,3,0.5865937645791239,-0.01787087013940529,0.0604446583390746,-0.01166809352814542,-0.0011473856814023797
1660,5exh_C,3,4,1.2671698461868663,0.033724945413816904,0.16355482271941624,0.01676765980910752,0.06767223360186314
1661,5exh_C,4,4,1.1791915156804875,0.016280013811289407,0.01481584007387618,0.005412692222809712,0.02395424189363493
1662,5exh_C,9,4,1.163925964509347,-0.04212779305511352,0.008786203885635807,-0.034211627950951784,-0.04237180783193195
1663,5exh_C,12,4,1.2451744805560079,-0.025411164314101564,-0.11854983738433918,-0.016088470422637363,-0.043597545917209546
1664,5exh_C,16,4,0.9405159358176138,0.024836307494838006,0.13659970219090353,0.03131270997126401,-0.025756247120393594
1665,5exh_C,17,4,0.8803495963907411,-0.0008139945699027484,0.0787393917848318,-0.007710160649113007,-0.04019271790254986
1666,5exh_C,19,4,0.8294920930585745,0.008180359169722276,0.006382622730126825,0.019792618417605795,-0.037332662370236136
1667,5exh_C,20,4,0.8754375117796076,0.013426269725994922,0.04596254225163815,0.0033584533546192896,-0.039647945420204556
1668,5exh_C,22,4,0.944665294583305,-0.045657217028305386,-0.06635112825407463,-0.03493079891170625,-0.04237180783193195
1669,5exh_C,24,4,1.2341558544449276,0.023227696410427573,-0.061379524294439186,0.014258450160584524,-0.0411460697466548
1670,5exh_C,26,4,1.2775098022158828,0.039651248671793315,0.03980286394970259,0.025756568239526323,-0.04182703534958665
1671,5exh_C,27,4,0.9549150285229719,-0.02551171502802757,0.0653301590700757,-0.018757924782546842,-0.03542595868202669
1672,5exh_C,29,4,1.1134821380356899,0.04247988841365552,0.10713834640691634,0.02772662598322384,-0.029024882014466957
1673,5exh_C,30,4,1.0673515477284332,-0.018754812087489636,0.04559169223870971,-0.01117333049395064,-0.006416823997127619
1674,5exh_C,34,4,1.0204333413817117,0.00588572548956201,-0.11568721652576114,0.007017739175466553,-0.0407374903848956
1675,5exh_C,35,4,1.1368206772205345,0.053023285555141964,0.031558740387588574,0.03663232942434802,-0.035017379320267494
1676,5exh_C,36,4,1.2184678489416945,0.044316454018341916,-0.07980962753348408,0.02459761041475128,-0.040873683505481706
1677,5exh_C,37,4,1.202757172562463,0.029079577466844198,-0.16125626643237162,0.015024145313999537,-0.04196322847017275
1678,5exh_C,40,4,1.2200535760228632,0.051335793441984856,-0.014472796122816878,0.04612060812069893,-0.03488118619968117
1679,5exh_C,41,4,1.216752167444078,0.013928255134189244,-0.01997372637392178,0.007989382649364496,-0.020853294779283882
1680,5uvr_A,2,1,0.006941217993419624,-0.03761801436737311,-0.046749154508239216,-0.01939346869462405,0.19959763757395566
1681,5uvr_A,7,1,-0.12336906395147373,-0.0055138941059556384,-0.05316997664398812,-0.011220365145326344,0.07418823250910367
1682,5uvr_A,11,1,-0.1092216231721097,-0.020528374921748173,0.02974855678859545,-0.018797669137175704,0.10075685509693733
1683,5uvr_A,22,1,0.11997726529999997,0.03899907288318581,0.07504412715403463,0.034934915242941234,0.009074457980371653
1684,5uvr_A,27,1,0.12492198301138879,0.022319537752507945,0.08049665841627093,0.027935894975066045,0.007973167924917313
1685,5uvr_A,34,1,-0.08548809075247288,0.03743327548941035,-0.031556641641565436,0.03528803850800852,0.007697845411053894
1686,5uvr_A,38,1,-0.03151699373183103,0.029525827663650153,-0.03520964884303171,0.035014169014863566,-0.018870777176779763
1687,5uvr_A,39,1,-0.030546681231140793,0.05304086434835194,0.0023395152343966344,0.04710492986099174,-0.012951343128713155
1688,5uvr_A,41,1,-0.08319215954631676,0.05812966447596919,0.02154138802407838,0.05284319693629509,-0.016805858322803013
1689,5uvr_A,47,1,-0.16527072701049939,-0.03390436246021829,-0.10712327919016464,-0.03028246663309636,-0.009785134219282288
1690,5uvr_A,48,1,-0.24819077822232383,-0.027008178563530896,-0.074863088005369,-0.02501839968963185,-0.009096827934623297
1691,5uvr_A,53,1,-0.0852800652710598,-0.02537730564847225,0.01903757261703609,-0.025133684994317118,0.007697845411053894
1692,5uvr_A,60,1,-0.09061088674491646,0.002795841851987585,0.09105036343499102,0.004044691841818687,0.09318548596568932
1693,5uvr_A,66,1,-0.013715257762039634,0.005873954453225624,0.02315550147205614,0.00848264164807458,-0.00785787662223747
1694,5uvr_A,67,1,-0.2642252500719694,-0.026473345156884487,-0.016992504693613603,-0.009248334327287222,-0.0035903776573522617
1695,5uvr_A,76,1,0.2945860785201344,0.017526794076062065,0.11860021895918176,0.022422551022407033,0.20386513653884086
1696,5uvr_A,77,1,0.14581692684797454,0.0009801800133174,0.07926723368485117,0.00048574670006071297,0.2659503634150735
1697,5uvr_A,85,1,-0.05258214259850558,0.02381857610178828,-0.04488817347598874,0.03230394772190048,-0.019146099690643403
1698,5uvr_A,91,1,0.2409570978869493,0.04703771340159037,0.0037425280336653155,0.033898414992720644,0.05367670522626833
1699,5uvr_A,95,1,0.20530672401828998,-0.04211706560625138,-0.07644578541414389,-0.03372797487370613,0.4110453282211701
1700,5z1n_A,2,3,-0.2079023815282941,-0.030668739230365713,0.013826707929681853,-0.028004827294424633,0.37604848830877613
1701,5z1n_A,11,3,-0.14524503511970033,0.041925787104055603,0.10234709088523028,0.03312085955439743,0.06406357793739903
1702,5z1n_A,14,3,-0.26312825133074214,0.00270124179365569,0.008322185554359221,0.0009099893743240994,0.029194676190009927
1703,5z1n_A,26,3,-0.29441106560197605,-0.009564738176309831,-0.03914152493873904,-0.007445632084782716,-0.021824032682485894
1704,5z1n_A,40,3,-0.34014342730662095,-0.004645166948979845,-0.019160132585299472,-0.0038978393504870146,-0.009344636267630824
1705,5z1n_A,76,3,-0.1907549865167928,-0.0148179092298516,-0.08131468325392609,-0.00926959572846743,-0.03442577612101583
1706,5z1n_A,77,3,-0.18567318750117934,-0.010776624099788093,0.015154541149883419,-0.007984211309330677,-0.030510671363414454
1707,5z1n_A,78,3,-0.2759051689286439,-0.005845306072973427,-0.029711264830594872,-0.005039923854908285,-0.032345876718540056
1708,5z1n_A,88,3,-0.016345102275982848,0.005832389114361791,0.025031030593246267,0.0009028018744660915,-0.007509430912505
1709,5z1n_A,105,3,-0.3120880844557136,-0.02123546090592085,-0.0673713534588825,-0.014192007370634696,-0.036628022547166905
1710,5z1n_A,107,3,-0.303555633577669,-0.021724401969909254,-0.03244473301161703,-0.014887361968962814,-0.03185648862383994
1711,5z1n_A,113,3,-0.46202267486407855,0.026673416555204915,0.019900633540450435,0.01667184070318456,-0.0197441332800099
1712,5z1n_A,116,3,-0.40105932695787616,-0.04535496586816323,0.0023595060683129776,-0.03411979662373599,0.002645372052524131
1713,5z1n_A,128,3,-0.2678042516352488,-0.014025828172784902,-0.0624875670947736,-0.008643261559560356,-0.03271291778956531
1714,5z1n_A,129,3,-0.1069107882949335,-0.016476064836759535,0.018053093748276752,-0.011150292862361535,-0.026228525534787606
1715,5z1n_A,133,3,-0.564018546063298,-0.05446583410454839,-0.012396910566355696,-0.03537578162485963,-0.03479281719204108
1716,5z1n_A,149,3,-0.4534763097266352,-0.007629443645371062,-0.08540946615192246,-0.012214869533105799,-0.03210118267119011
1717,5z1n_A,151,3,-0.22047402827507878,-0.0024898762732449564,0.0617309177041243,-0.003328244294975316,-0.03222352969486497
1718,5z1n_A,157,3,-0.09528804787506318,0.00884768301139996,-0.12016447910079298,0.002914372079256114,-0.016930151735483623
1719,5z1n_A,159,3,-0.1989323075783611,-0.007097714710626049,0.0625976575355655,-0.005179001207236383,0.015002421443704339
1720,6a9a_A,32,0,-0.06275711333753908,0.007657819097108803,-0.058341870553504004,0.009801565601750412,-0.045491487834991906
1721,6a9a_A,38,0,-0.14698338345243944,-0.04947013391763047,-0.10121214124136838,-0.028010034665163497,-0.04269804296196145
1722,6a9a_A,51,0,-0.2606114868420484,0.027298310342183413,0.159141939191938,0.023592882605681098,0.0854194968965798
1723,6a9a_A,84,0,-0.22618293487632402,0.03869951932539317,-0.05957791142300847,0.024264913840768676,-0.022128130715099337
1724,6a9a_A,93,0,-0.47058081272176894,0.017179628376982947,-0.08416788391935537,0.014928190218180593,-0.041809219593269775
1725,6a9a_A,95,0,-0.2933270835974135,0.038918920044352795,-0.010575026430023254,0.0295089715880007,-0.046126361669771576
1726,6a9a_A,96,0,-0.283741720808263,-0.011389558815779688,-0.07964834194676818,-0.009351509194165275,-0.04599938690281569
1727,6a9a_A,118,0,-0.26206110481060363,-0.025650835764467222,0.0654558981420274,-0.019590743451236126,-0.044729639233256346
1728,6a9a_A,129,0,-0.3095913198531337,-0.003967221848929767,-0.05806125725732089,-0.0020458465604971388,-0.045491487834991906
1729,6a9a_A,142,0,-0.09563567569367926,-0.05158260996646831,-0.0991676156966835,-0.03566772289483719,-0.040666446690666325
1730,6a9a_A,146,0,-0.42348968466402814,0.019746112168297747,-0.0935836674324023,0.014909593385801001,-0.043967790631520565
1731,6a9a_A,171,0,-0.4395991286376567,0.04970374605680766,-0.08057331518512623,0.031324170708357246,-0.043459891563697006
1732,6a9a_A,178,0,-0.3169087667164792,-0.012048448170174031,0.04435594078992092,-0.010290878076381182,-0.040158547622842544
1733,6a9a_A,179,0,-0.35482070337703375,-0.014309809014987518,-0.024425096671621405,-0.011317996365170058,-0.04447568969934457
1734,6a9a_A,181,0,-0.382091059093739,-0.018021541187147994,-0.005973865942665163,-0.014094852602492713,-0.04574543736890391
1735,6a9a_A,203,0,-0.13393923113681538,0.00802524282796413,0.009119310022596722,0.009236789864248918,-0.045364513068036016
1736,6a9a_A,219,0,-0.14206133043712466,0.021795871379553466,0.03414814017588802,0.012545741881028805,-0.03139728870288283
1737,6a9a_A,225,0,-0.34624552669872843,-0.020729868883850977,-0.08685970866239565,-0.015532523190277592,-0.04523753830108013
1738,6a9a_A,235,0,-0.39223519649935445,0.012321963074179723,0.01304001063323608,0.004144990182753466,-0.036984178448944194
1739,6a9a_A,243,0,-0.2648222852753379,-0.0027004354696313904,0.07499641692260248,0.005916712918343114,0.01786892087602099
1740,6asd_C,2,4,1.1421500414854346,-0.004191483219227188,0.012640197380117124,0.0012416389192537736,0.0005290251527776402
1741,6asd_C,3,4,1.033107990785763,-0.004005289310254123,0.022085674998702468,-0.004002026716663498,-0.015405569955828868
1742,6asd_C,9,4,0.8227784462386803,0.04845778458104391,0.11066090860858899,0.0403275673535074,-0.045640442726005315
1743,6asd_C,11,4,0.8666251033154491,-0.003603036626607714,-0.13067828760170216,-0.0018494789990230465,-0.04727476017304166
1744,6asd_C,12,4,0.7939096881965195,0.03978141260518117,0.053105074357083976,0.02091573768355165,-0.04645760144952349
1745,6asd_C,13,4,0.630723122522078,0.0040997728840379555,-0.03955428116215445,0.0009800996131897333,-0.04455089776131427
1746,6asd_C,14,4,0.7722243768544002,-0.022995566159320774,0.09159526684543517,0.007877709865891674,-0.03937555917903168
1747,6asd_C,16,4,0.9582237610539668,-0.01027437995725164,-0.04564726324744822,-0.007571025150617361,-0.044959477123073466
1748,6asd_C,19,4,0.8468290127118518,-0.05307526631864762,0.009557127699037757,-0.04182133666234983,-0.04441470464072772
1749,6asd_C,24,4,0.8107679300356315,0.04475862502721925,0.045115182356675776,0.025567072970450133,-0.044959477123073466
1750,6asd_C,26,4,0.7134813852441981,0.03490775374509572,0.0746589078611524,0.030528026791242002,-0.006825403358886817
1751,6asd_C,27,4,0.8536380743745198,0.03569242758688859,0.09521205013388638,0.02020094372533715,-0.028343916411534886
1752,6asd_C,28,4,0.8001128453709212,0.034739258390718675,0.10211396283835847,0.021391196114557587,-0.03406402747616277
1753,6asd_C,30,4,0.7798099345788005,0.023074479480178017,0.10278616592300627,0.030099607457317323,-0.023168577829252524
1754,6asd_C,37,4,0.7919567560573468,0.0017604740273115538,-0.14696133001072248,-0.0020738665645610443,-0.04346135279662322
1755,6asd_C,38,4,0.7102988845022566,-0.0018852679437417197,-0.11154613267637661,0.0007950786454845038,-0.04482328400248692
1756,6asd_C,39,4,0.9337891988236202,0.03677764577891429,-0.016746999456597966,0.028607930817004912,-0.0411460697466548
1757,6asd_C,40,4,1.0174379256636676,-0.013661068901871604,-0.04858714674932549,-0.007879318710096367,-0.03120397194384883
1758,6asd_C,41,4,1.1352864424677516,0.01832007319447962,-0.10574797640206497,0.011172120156941245,-0.02289619158807965
1759,6asd_C,44,4,1.1597915861074126,-0.00154374757482717,0.13104339384868513,-0.0018965559879977612,0.08864597417216569
1760,6avj_B,6,1,-0.146449875027876,0.013630798313355681,-0.11202335735823185,0.037280301619853934,-0.04199786834131891
1761,6avj_B,7,1,-0.33651514394591975,-0.04604087006668292,-0.08025832382126899,-0.035058564092930844,-0.04062125577200115
1762,6avj_B,11,1,0.06396482787433166,0.022767534886526872,-0.045448376796500364,0.0244480234265102,-0.04254851336904597
1763,6avj_B,21,1,-0.18971671447524063,0.02916801165555323,-0.01669609990275324,0.029155187125831372,-0.04282383588290961
1764,6avj_B,24,1,-0.3477478447224902,0.03350070808407775,-0.09137581678601005,0.019552169758332905,-0.04392512593836373
1765,6avj_B,30,1,0.18268548329648682,0.038312597288744116,0.11762314633782982,0.048553921173542625,-0.034151176696207486
1766,6avj_B,36,1,-0.1966211455237321,0.0006698881816150637,0.03637811526874639,0.021221468697035437,-0.04144722331359185
1767,6avj_B,38,1,0.1219264203481889,-0.019746860055943234,-0.009620336527594114,-0.02090081764267329,-0.04007061074427387
1768,6avj_B,39,1,0.16955797415439067,-0.026600092437415693,-0.11496424434523705,-0.02543395718724123,-0.03621609555018401
1769,6avj_B,45,1,0.2155620443044879,-0.011977086453103976,-0.033196810246299835,-0.01041089693436592,-0.033875854182343845
1770,6avj_B,46,1,-0.023810942491026554,0.0005886801432826716,-0.032116138880848924,-0.002979569717180136,-0.0385563369180244
1771,6avj_B,49,1,-0.0188509305326946,0.042657343774041484,-0.03784985703978777,0.027342046905561773,-0.04323681965370496
1772,6avj_B,51,1,-0.0070765312822045345,0.045434996523839435,0.06620714198994108,0.03882145138010312,-0.04213552959825062
1773,6avj_B,53,1,-0.35693321906435904,0.03785198293178674,-0.0678265417491982,0.03110436750107687,-0.03951996571654681
1774,6avj_B,56,1,-0.3374004155697874,0.008927059177278138,0.026656091425414086,0.027302130340402644,-0.04213552959825062
1775,6avj_B,60,1,0.03147506543750478,0.03325391297433901,-0.02530288569549119,0.03167951202770258,-0.04323681965370496
1776,6avj_B,65,1,-0.3332871904377517,-0.013048052663486742,-0.11047092819798485,-0.013209138748461524,-0.04075891702893286
1777,6avj_B,71,1,-0.4960259659062177,-0.0015918839990481106,5.711900013877755e-05,0.0006283770231385992,-0.04048359451506922
1778,6avj_B,81,1,0.04850036077643738,-0.026196209925603967,-0.03434916637564307,-0.024156163493057103,-0.029195371446663287
1779,6avj_B,86,1,-0.09547738455161447,0.020771741885450695,-0.039507376832464886,0.013962554136697586,-0.035940773036320595
1780,6e6o_A,2,2,-0.583930509065831,-0.014057931677949387,-0.10084425506720954,-0.013897432087717265,0.0010206624474393688
1781,6e6o_A,3,2,-0.4806051025522833,-0.0020781104299255337,0.006020783835116922,-0.005123715349417912,-0.0068072896717013
1782,6e6o_A,5,2,-0.48953670447838277,-0.013373597048238636,-0.023771341995778822,-0.012462044150709256,-0.023084459951184577
1783,6e6o_A,6,2,-0.5488259838584124,-0.015372052237778211,-0.14465076089461248,-0.01333897960644026,-0.023084459951184577
1784,6e6o_A,7,2,-0.4424703070439734,-0.00029327838636651615,-0.029608751677776934,-0.005047324798163749,-0.026563549781913665
1785,6e6o_A,9,2,-0.6988173496074213,-0.024827937259912725,-0.048514931789022275,-0.013234454438858123,-0.02196618107702153
1786,6e6o_A,12,2,-0.4584601163903208,0.01377032885907789,0.06179949774042433,0.004390568084101265,-0.01364121612491953
1787,6e6o_A,14,2,-0.5012160439514424,-0.007377787236114541,-0.10969501542681838,-0.007841585891497499,-0.020102382953416598
1788,6e6o_A,16,2,-0.3258961568198979,-0.007510573231240131,0.044793420704431874,-0.012043835610133974,-0.014635241790841969
1789,6e6o_A,19,2,-0.6165060097589027,0.012878781400402883,0.04429707270638361,0.013062022917667837,-0.007304302504662852
1790,6e6o_A,20,2,-0.5756940696954322,-0.015533733051980303,0.08567576401295732,-0.00408274229111058,0.022267961056535723
1791,6e6o_A,21,2,-0.5453421670591951,0.035516422304531975,0.07880629516565016,0.026148460552396946,0.01655231347748054
1792,6e6o_A,23,2,-0.491431201513865,-0.020821476835572533,-0.0017795180558342338,-0.017673381748467554,0.014937021770356163
1793,6e6o_A,24,2,-0.5487686533508753,-0.016506511495319065,-0.06476470711037664,-0.013537113232782283,-0.021717674660540975
1794,6e6o_A,27,2,-0.5705327982517593,-0.007398356458276467,-0.1422342995732073,-0.007950227563305073,-0.03364598265161245
1795,6e6o_A,31,2,-0.3662318814662907,-0.00708104039955372,-0.14657451729695362,-0.008489827955863144,-0.027681828656076712
1796,6e6o_A,32,2,-0.35296419732905326,0.019650242837336948,0.004989021885137418,0.006195021072023965,-0.02432699203358779
1797,6e6o_A,34,2,-0.4199985954898717,-0.014701352973310933,0.02139648250920359,-0.0019185716500761396,-0.024078485617107015
1798,6e6o_A,36,2,-0.5618731871111824,-0.013924534039505748,0.09185187781105425,-0.00337118158116656,0.025995557303745587
1799,6e6o_A,37,2,-0.3834804637849788,-0.09823745885592983,-0.0919995356376624,-0.11265370526584138,0.030841432425118276
1800,6e7e_A,4,2,-0.0011549417899640035,-0.021941322867016805,0.06479398752821844,-0.017356222462129395,0.04960366686940798
1801,6e7e_A,6,2,-0.15018499190943657,-0.023536500650231912,-0.10048328172222953,-0.018473685914924043,0.0112094255231463
1802,6e7e_A,21,2,-0.2471907523771465,-0.011541069926046504,-0.03815466305843343,-0.010972202121175084,-0.044207505352040544
1803,6e7e_A,24,2,-0.20956716900824524,-0.022320781574471357,-0.09314467413057742,-0.018487003176790112,-0.039237377022427244
1804,6e7e_A,50,2,-0.13635546229373163,-0.019977038253086693,-0.04125172011715232,-0.016720985564212504,-0.04371049251907899
1805,6e7e_A,55,2,0.014261434981258647,0.01139749685101682,0.015981152225264528,0.0005692014821273017,-0.009043847420027396
1806,6e7e_A,59,2,-0.07158788191129961,0.005322133984736521,-0.07348985740114466,-0.0026311200040273347,-0.03550978077521738
1807,6e7e_A,66,2,-0.1308490685851771,-0.013828858211214462,-0.11901236236962115,-0.013943921718481717,-0.03588254039993832
1808,6e7e_A,71,2,0.08497713706924837,-0.003484425533851032,0.06478595432190122,-0.007309671790858369,0.011457931939627075
1809,6e7e_A,78,2,0.5455604802527104,0.05155186499519858,0.10484575859978601,0.033884273781082316,0.09955345658202042
1810,6e7e_A,80,2,0.3161344524615558,-0.013857271690547832,-0.038376906057956975,-0.013663469500763026,0.043515259665631856
1811,6e7e_A,81,2,0.4063577488934109,3.934916671730071e-05,0.0047157797615949015,-0.002726124186654688,0.03953915700194144
1812,6e7e_A,82,2,0.23532430101616653,0.002641715816800408,0.07297010018175733,-0.0030628164803128965,0.0452548045809964
1813,6e7e_A,86,2,0.21256891853159154,0.05176785717681307,-0.03381147024597192,0.03392768197321375,0.03804811850305745
1814,6e7e_A,108,2,-0.13358444582566076,-0.005054436261413275,0.03809747589382087,-0.006837368900731555,-0.018735597662772996
1815,6e7e_A,120,2,0.016252120093544487,-0.015828811125212144,0.053478476056039365,-0.005696093221631587,-0.0029554402162510485
1816,6e7e_A,132,2,-0.11935100743359084,-0.01655170859584215,0.03673361364686292,-0.014007324192079479,-0.039734389855388574
1817,6e7e_A,133,2,-0.1824876702093975,-0.028943088106851617,-0.06491362691716321,-0.022577547691270683,-0.038243351356504585
1818,6e7e_A,139,2,-0.18070356158520073,-0.018203722897454117,0.03229787559779215,-0.01574555203957423,-0.03637955323289965
1819,6e7e_A,160,2,0.12711085664739374,-0.019468049408243163,0.043267215549765176,-0.01591325365754309,0.05743161898854887
1820,6gu2_C,4,2,0.65112412465874,0.04681768615997803,0.142120641821377,0.028775373390935832,0.603524469204795
1821,6gu2_C,11,2,0.48077904642693836,0.016822351583241107,0.059282577431541306,0.01980717327378506,-0.01985387653693582
1822,6gu2_C,12,2,0.4109411359273192,0.02131327340808073,0.021552259125475925,0.015689842194191284,-0.02631504336543311
1823,6gu2_C,15,2,-0.12399931053138658,0.0060121823509829975,0.09194466787288452,0.0121465233803294,-0.028054588280797654
1824,6gu2_C,17,2,0.19792279817287106,0.059996384150954374,0.10139326224295586,0.05114724545523508,-0.02979413319616242
1825,6gu2_C,24,2,0.06896298691951486,0.04797635090348784,0.005984931463703491,0.03893925153548994,-0.03836760456474497
1826,6gu2_C,28,2,-0.022453602688725427,-0.00222614453981157,-0.06648871726958624,0.0032640598541986976,-0.009168100628267561
1827,6gu2_C,30,2,0.3720258638981486,0.039262931021004546,0.04181992970619583,0.025839265194034233,0.05258574386717596
1828,6gu2_C,36,2,-0.10142893268661668,-0.03400390455390623,-0.03336568457855957,-0.019391522655656745,0.016925073102201482
1829,6gu2_C,39,2,0.2738237651191664,-0.009495813035550138,0.07281589898529045,-0.00046810482603037995,0.017422085935162812
1830,6gu2_C,40,2,0.1285666853492995,0.05344142395011328,0.06566106712940445,0.031698680407634405,-0.008546834587066066
1831,6gu2_C,43,2,0.14159579475540007,-0.0357849274458541,0.012515208524307209,-0.020241633559750116,-0.03215494415272868
1832,6gu2_C,45,2,0.5133554152416749,-0.009324089869310243,0.05926219086711704,-0.010587992613928898,-0.028178841489038042
1833,6gu2_C,49,2,0.5022317898137159,-0.008722633757736298,0.06394844810964294,-0.009715898062722217,-0.010907645543632105
1834,6gu2_C,51,2,0.21648657015720874,-0.0356649397433573,-0.006083474122662469,-0.022568595369794886,0.006487803610013776
1835,6gu2_C,58,2,-0.17491826170373592,-0.06218719703968728,-0.06439699326920134,-0.04187389098625566,-0.038243351356504585
1836,6gu2_C,67,2,0.115553986956904,-0.021915144514119023,0.07512974410234893,-0.01414962785566476,0.025995557303745587
1837,6gu2_C,72,2,-0.0888598507581777,0.014172859168255447,-0.04769647431814647,0.019121193117806412,-0.03762208531530309
1838,6gu2_C,74,2,-0.04332709474350793,0.033021823302968545,-0.0440069047291714,0.027816096957039405,-0.04035565589659029
1839,6gu2_C,79,2,0.18174135288984505,0.04838207325478702,0.12024163575851994,0.031008750785931016,0.08762514859094872
1840,6hat_B,17,4,1.4529219068809824,0.026101624343925378,0.16798680614315492,0.010592605504115726,-0.0009690991736726051
1841,6hat_B,22,4,1.0903646371969349,-1.531638287616266e-06,0.16590733797813284,0.0013728995330292149,-0.0013776785354315813
1842,6hat_B,37,4,0.8765381024557417,0.0493510091527809,0.11559311548848926,0.04137140683113333,-0.03651550364671774
1843,6hat_B,43,4,0.6038297904122493,-0.01286720919637016,-0.03390758305640683,-0.0076918413469805325,-0.0425080009525185
1844,6hat_B,44,4,0.7551829905811487,-0.003331817810370924,0.056462619989204835,-0.0014035676274866127,-0.03556215180261302
1845,6hat_B,58,4,0.8434993496057273,0.006550408413453113,-0.021211935662257153,0.008029959267246284,-0.01799323924696994
1846,6hat_B,99,4,0.31541940109494604,-0.011755782376229096,-0.0678344138252637,-0.007602617891582342,-0.04577663584659142
1847,6hat_B,104,4,0.1284788900609607,-0.006289197793504869,-0.09476622289634765,-0.0037591781683581904,-0.04959004322301008
1848,6hat_B,124,4,0.5322863401396215,-0.01418991134438799,0.009810725434474643,-0.0059014570187009285,-0.009004493288268911
1849,6hat_B,125,4,0.29816252594969805,0.007241873217548378,0.026613844101348053,0.005939749453592824,-0.04523186336424612
1850,6hat_B,145,4,0.6075393223472927,-0.032329606060154836,-0.055768035797630844,-0.022903451538396402,0.08673927048395624
1851,6hat_B,147,4,0.5926197964903626,0.04072172122271006,0.11590490240743606,0.038221591730975446,0.4626322833023655
1852,6hat_B,159,4,0.7632786973436831,-0.017401588094426046,0.07097485074338492,-0.01041811035520901,0.06835319920479499
1853,6hat_B,164,4,0.7286186220007286,-0.013808402582019597,-0.055932499407230024,-0.00732758547079404,-0.00709778960005969
1854,6hat_B,188,4,0.09125349243386671,-0.062313360356951564,-0.08296247289929379,-0.042515209864484815,0.0453365618256969
1855,6hat_B,213,4,0.7952080582923771,-0.009356564642749476,-0.050171848756760604,-0.005919373340016798,-0.02916107513505306
1856,6hat_B,221,4,0.3558889830145764,0.011112226921393797,-0.09891472906964631,0.007834349134821783,-0.0429165803142777
1857,6hat_B,223,4,0.567996043854958,0.048795537110506215,0.09581225100398728,0.02779258867151213,-0.034336413717335645
1858,6hat_B,235,4,0.4544051887736461,-0.012239885724090849,0.048271789572558996,-0.008376324128142099,0.014148337211415729
1859,6hat_B,262,4,0.4679918754807655,0.028773315158208634,-0.11478865974923622,0.016648386173700513,-0.044959477123073466
1860,6tly_A,7,1,0.008025478209975567,-0.06302504208905851,-0.05570813196153092,-0.0509631036109332,0.36217558201038813
1861,6tly_A,10,1,-0.06428580124357985,0.004024752896931716,-0.0509218941168639,0.008527563963200757,0.18541852810998227
1862,6tly_A,12,1,0.15481644594762556,0.029548857450704923,-0.02051486089113297,0.0208958766307617,0.29155535720438475
1863,6tly_A,13,1,0.11819372719946042,-0.04416386472987151,-0.03393860987998376,-0.03421577767783836,0.24777907750007877
1864,6tly_A,16,1,-0.12392117706921735,0.028108224494567347,0.01462509065093047,0.029064325926204726,0.12071773735204538
1865,6tly_A,17,1,0.3700967590309865,0.039671751686407186,0.04456878179224691,0.03190880371738558,0.10846588548511704
1866,6tly_A,26,1,0.3977489760711632,-0.05535745938908637,-0.041567306168936974,-0.039050311628617704,0.231259726668265
1867,6tly_A,28,1,0.18897896788522894,-0.02340784410437048,0.006432714729494873,-0.011359920232568932,0.17660820766634822
1868,6tly_A,30,1,0.2711466573002477,0.0343733172830413,0.08136676811513738,0.021669252345908996,0.11135677188068449
1869,6tly_A,38,1,0.37792502774357095,0.029071694891630334,-0.0155583509886216,0.028640345280621593,0.14095394212101708
1870,6tly_A,41,1,0.2924171561096174,0.032750293677075895,-0.007549457569352672,0.03248800409672928,0.17564457886782558
1871,6tly_A,52,1,0.3407578174257394,0.03175138813019332,0.08786927194333335,0.015905794527398015,0.17357966001384906
1872,6tly_A,64,1,0.3553233886717083,0.03654913643172666,0.09218021572080695,0.02314078219575097,0.10860354674204875
1873,6tly_A,65,1,0.07145493576126594,-0.05204079030237507,-0.08333540361015343,-0.041958758995896364,0.2294701303281519
1874,6tly_A,72,1,0.2116419778257118,0.04178337164086758,-0.005700247498772626,0.03376183316590187,0.23332464552224175
1875,6tly_A,74,1,-0.083133436755779,0.026621604032932206,4.855385108315513e-05,0.015706406573466808,0.17330433749998564
1876,6tly_A,84,1,-0.072130454959351,0.035284737410696765,0.049670420135456,0.021975500330995795,0.18541852810998227
1877,6tly_A,85,1,-0.056605367234662585,-0.02611573000120443,0.04190177633725062,-0.024601739677130252,0.10529967657568595
1878,6tly_A,93,1,0.409134694450319,0.007213378185957187,0.05782038311789034,-0.001075917279556915,0.09112056711171279
1879,6tly_A,95,1,0.5171606694800781,-0.0013368498144142454,-0.0017431151505220427,0.030270322301447924,0.19133796215804866
1880,6vjg_A,3,0,-0.13278608481811705,0.021491264552751743,0.15689551845030514,0.01698563212391041,0.5280535345049782
1881,6vjg_A,6,0,-0.18094157046763404,0.004493870843769676,-0.03637485258578507,0.002671180454959482,0.0870701688670068
1882,6vjg_A,15,0,-0.5127519059616118,0.028568973373931827,0.001209366466993711,0.022471691430976437,0.0008543021039253418
1883,6vjg_A,20,0,-0.25958709678656133,0.010532045570511461,-0.01025077483248972,0.01378218172231055,-0.03266703637244217
1884,6vjg_A,21,0,-0.21468742221049997,0.0021806876266855513,-0.05341106803216241,0.005507689271355087,-0.019842584909892658
1885,6vjg_A,22,0,-0.15302228297835385,0.024038240380267584,0.012128206219343782,0.020064097901071665,-0.0033358652056205695
1886,6vjg_A,24,0,-0.38001797956932737,0.042480802631214315,-0.001401530003096868,0.041117164601992995,0.05519950236106652
1887,6vjg_A,27,0,-0.44211982900021396,0.016703281955826946,0.08058468497295143,0.012615961477584259,0.015583375070814087
1888,6vjg_A,28,0,-0.3334972495760976,-0.047558335421532566,0.09279775301401624,-0.02484952904846205,-0.002193092303017341
1889,6vjg_A,30,0,0.003906328025727324,0.008051179725035662,0.07353699733643163,0.003094060620575656,-0.0029549409047526787
1890,6vjg_A,34,0,-0.3299423546755913,0.031222793501099716,0.08058675087125228,0.021081938153004798,0.039962530326353995
1891,6vjg_A,35,0,-0.3663555364302312,-0.0023800723405366375,0.10900957671198797,0.0016198265281703317,0.036788161152455645
1892,6vjg_A,64,0,-0.4748170570289927,-0.00045527709893167234,-0.017933286569464385,-0.0030468162503019536,-0.04269804296196145
1893,6vjg_A,67,0,-0.4796388811031609,-0.0523670016113546,-0.10850533076386855,-0.031064878369715054,-0.043078967262829115
1894,6vjg_A,72,0,-0.21044340203607448,0.006873707564809095,-0.06991985212988638,0.006341369430102661,-0.04523753830108013
1895,6vjg_A,75,0,-0.21874749194165966,0.04644699799098012,0.04510599175364624,0.034002051200215044,-0.017176114803817866
1896,6vjg_A,79,0,-0.18053625238229298,-0.016887631932463593,-0.0994437967636866,-0.010657198015941616,-0.0438408158645649
1897,6vjg_A,87,0,-0.27198638871160197,0.0718868475357089,0.14558070101745166,0.04683926777200553,-0.03177821300375072
1898,6vjg_A,103,0,0.15222980069159575,-0.018309008017152406,0.06748618330954254,-0.013592703664444872,0.125289573720744
1899,6vjg_A,106,0,0.3019718510928815,-0.011894520763561678,-0.016502025157187475,-0.010622958464331575,0.24020173781586762
1900,6yud_B,3,0,-0.13863456164991206,-0.01512740464262946,-0.07078388634974248,-0.011977586046994115,0.5600511757778744
1901,6yud_B,9,0,-0.17963873343429126,-0.0039119278617913145,-0.04772174673364422,0.002913580444266539,-0.014636619464698963
1902,6yud_B,18,0,-0.24072981571799934,0.015096227664623763,-0.0810421648464055,0.010311856714612488,-0.040285522389798656
1903,6yud_B,25,0,-0.3317889753986082,0.03205239471905372,0.03047910650589508,0.03548885273364061,0.04618429390719503
1904,6yud_B,29,0,-0.2309534350480329,-0.03902189587004387,0.09418413358880631,-0.01991505839813512,0.006949090917810263
1905,6yud_B,35,0,-0.05868462219999815,0.021931067336901117,-0.016715146692356908,0.014082593484479988,0.035899337783763974
1906,6yud_B,41,0,-0.43089591022653173,0.02234602029387618,0.09545164465945806,0.011112906419485508,-0.03330191020722184
1907,6yud_B,45,0,-0.4422891150880227,-0.025181109982916033,-0.08438604734890141,-0.01361555234075501,-0.038126951351547644
1908,6yud_B,49,0,-0.1828716335577628,-0.0034580080063529306,-0.10569956008837755,0.008276283175179366,-0.04511056353412424
1909,6yud_B,54,0,-0.2617358843401395,-0.03099846691326283,0.07587220418498916,-0.020269124149098983,-0.010319477388197384
1910,6yud_B,59,0,-0.18834692448990442,-0.012481283981917113,0.05024419686776341,-0.009949346314105045,-0.039142749487195205
1911,6yud_B,71,0,-0.24109661452909492,0.012085487794965238,-0.08318483736197646,0.00977571156929452,-0.046126361669771576
1912,6yud_B,73,0,-0.21223944437947467,0.02974036596144161,-0.04586271961538298,0.020595250525266562,-0.043586866330652896
1913,6yud_B,77,0,-0.11544638600499646,0.024358025350466966,0.08533837290258875,0.013797443753830296,-0.02225510548205545
1914,6yud_B,80,0,-0.20065462992020344,-0.03997430473609345,-0.08309206551577153,-0.026304180308349356,-0.042063169127181776
1915,6yud_B,83,0,-0.48461981407697863,0.02846844279574995,-0.021933560860204787,0.0356504426938099,-0.04269804296196145
1916,6yud_B,96,0,-0.22640285415615358,-0.0007694679465941601,0.05567144064051652,0.015889704811244576,-0.031016364402015162
1917,6yud_B,102,0,0.11744597512641186,0.0022041032745531153,-0.008113183235235882,-0.000781581531129838,0.02815387699945182
1918,6yud_B,105,0,0.16263174441238037,0.060522561487266716,0.09855570180426246,0.04417604354845625,0.20820409654297145
1919,6yud_B,108,0,0.6906923871152781,0.007844059588918484,0.005696538511125573,0.007139815876780253,0.15436679535365383
1920,7c21_A,2,0,0.9541009469275592,-0.0025600052595868283,0.06949921860689712,-0.002952259800724999,0.49580194369817
1921,7c21_A,15,0,-0.31172446706680834,-0.015585918588617631,-0.05364562582143642,-0.01205723831201605,-0.02708014662638103
1922,7c21_A,21,0,-0.1833378173868151,0.03101933265868234,0.07626702169016475,0.01796431118955988,-0.03330191020722184
1923,7c21_A,25,0,-0.47008681370340333,-0.005520531971755255,0.05168076201947511,-9.267078637753556e-05,-0.037492077516767974
1924,7c21_A,26,0,-0.4931504555897358,0.03916997517521617,0.06274915492437846,0.028224243635610324,-0.036349304614164524
1925,7c21_A,43,0,-0.18054087608663139,-0.006113961997452455,0.06492317042754606,-0.006156920736735294,-0.03292098590635395
1926,7c21_A,48,0,-0.06545579226384002,0.0414799403464744,-0.0326636464838862,0.025419597092129265,-0.016795190502949975
1927,7c21_A,50,0,-0.06497245738622937,-0.015869025535055703,0.047448067041359565,-0.011922570229466245,-0.018572837240333095
1928,7c21_A,54,0,-0.13600523223378946,0.0012699440048757615,0.013118594397846045,-0.0016550530042585554,-0.019207711075112766
1929,7c21_A,56,0,-0.053384568558166645,-0.010448793421304337,0.028568229135281342,-0.008575021469774624,0.002377999307396461
1930,7c21_A,58,0,-0.24100180227796586,-0.015070834483685347,0.02752785471665606,-0.00930869423557662,0.03132824617335017
1931,7c21_A,74,0,-0.37029360471460615,-0.025182772808917786,-0.08600411333749991,-0.018250252622811658,-0.0322861120715745
1932,7c21_A,78,0,-0.4071595834141623,-0.021456333091451618,-0.07129947454228094,-0.016328704798762306,-0.03152426346983872
1933,7c21_A,89,0,-0.2664742143778239,-0.01186547974537816,-0.032144231977733445,-0.009546999894587682,-0.03330191020722184
1934,7c21_A,92,0,-0.17794306665096415,-0.0003449453566330418,-0.08553673558675258,-0.0016381063111056138,-0.035714430779384854
1935,7c21_A,96,0,-0.12315266322669005,-0.02775933874444625,-0.0200469599778772,-0.02000938584266787,-0.023143928850746898
1936,7c21_A,98,0,-0.1624695874563482,-0.017366574505506882,0.04434341432063438,-0.013521786658098056,-0.007399057748210813
1937,7c21_A,102,0,-0.17398539932970525,-0.017788528993714692,-0.00741311983411308,-0.013570041263951116,0.012789930197783406
1938,7c21_A,104,0,-0.24490826687939982,-0.012310401097711088,-0.09040279575812712,-0.009822555852810111,0.016091274138637868
1939,7c21_A,109,0,0.03942681715733354,0.017434414971462503,-0.04795066981126658,0.009696251630428587,0.18268216838482787
1940,7s6q_C,2,1,0.608924816288247,0.025094097695617323,0.1271305641857308,0.02368979049420858,-0.02451488871098273
1941,7s6q_C,13,1,0.03746462381559945,-0.03119135089793064,0.025321284474981748,-0.02834483904289678,-0.04199786834131891
1942,7s6q_C,28,1,-0.22992216757727824,-0.04339329999235089,-0.1042441607484287,-0.0369261655155092,-0.04433810970915908
1943,7s6q_C,29,1,-0.08718499295774407,-0.03916390420112517,0.026851029007170873,-0.03369613400640267,-0.04392512593836373
1944,7s6q_C,37,1,0.3109726520777891,0.022051408210131865,0.02879424730575328,0.010232293405269016,-0.04351214216756838
1945,7s6q_C,40,1,0.5046500134369778,0.016149828366870934,-0.03404413005128833,0.013387337695912604,-0.0385563369180244
1946,7s6q_C,45,1,0.3795910879843216,0.011134900395312106,0.05652472011631865,0.0069764809887976065,-0.04034593325813751
1947,7s6q_C,52,1,0.22973931032383565,0.012600310381491592,-0.007625870528665812,0.006896508750532632,-0.04337448091063667
1948,7s6q_C,58,1,-0.08045119609686124,-0.03204474046382284,-0.03922206955265567,-0.02888781554394576,-0.04420044845222737
1949,7s6q_C,61,1,-0.040191548765938,-0.03644335236938451,0.018234415980660695,-0.032472579829161075,-0.04420044845222737
1950,7s6q_C,69,1,0.3135790125681971,0.017410806563597184,0.06200827492667946,0.0038418571911139066,-0.04062125577200115
1951,7s6q_C,73,1,0.4582944763160641,0.03196447338375891,0.08003384037669992,0.018928822832327052,-0.02809408139120917
1952,7s6q_C,82,1,-0.10906889649799623,0.03184061153313311,-0.0024129225054212167,0.019882309407920254,-0.04117190079972821
1953,7s6q_C,102,1,0.2654881857002618,-0.04774919304610352,-0.009358426992438246,-0.04112250988232166,-0.03896932068881975
1954,7s6q_C,110,1,0.1324683289929487,-0.029973836316354724,-0.10092631733912977,-0.027490682976640535,-0.04406278719529566
1955,7s6q_C,112,1,0.15071695551125674,-0.03170711089105428,0.02209640724796813,-0.02809106168755407,-0.04392512593836373
1956,7s6q_C,120,1,-0.35319043508900094,0.0061183502948108604,0.002378058743946866,0.004759450231646425,-0.04323681965370496
1957,7s6q_C,143,1,0.2473419669769279,0.030505268112242315,0.07594297236546463,0.018756670108750872,-0.03979528823041045
1958,7s6q_C,155,1,0.6752255649675218,-0.02865106368242927,0.010679517734604987,-0.026409641047396543,-0.0393823044596151
1959,7s6q_C,158,1,0.900123620166644,0.0389886093504985,0.0978696178038445,0.02248442162778483,-0.03786803063336541
1960,7uhe_A,5,4,0.849655977203497,-0.029932702247265686,0.03810000722036305,-0.020400944363688778,0.09123364346330676
1961,7uhe_A,8,4,0.20659652768026326,-0.04367257691708423,-0.05059802407179262,-0.028077788151043892,0.07911245573111891
1962,7uhe_A,12,4,0.2718037369357009,-0.0014610605388772069,0.02871814157813908,-0.00023124628590759366,0.013058792246724682
1963,7uhe_A,17,4,-0.00821413484183553,-0.015590017923647836,-0.0804784574435153,-0.009681511572750767,-0.01268170754410125
1964,7uhe_A,19,4,0.139923739253227,-0.0032072428855863533,0.07146025345351148,-0.0007791579767568169,0.014284530332002054
1965,7uhe_A,23,4,0.18243400899473028,0.051570414494804095,0.11179788694710983,0.039265811197527145,0.022183731326012257
1966,7uhe_A,24,4,0.18733515939453782,0.005849715970963815,0.06949437034054708,0.003920511595768172,-0.004373927188332072
1967,7uhe_A,31,4,0.06203014300694787,-0.02333944757917883,0.055534975641014644,-0.014145869472505401,-0.007642562082404991
1968,7uhe_A,39,4,0.25349103778675897,0.046966376573013585,0.1307607323874532,0.03735103554664479,0.01646362026138415
1969,7uhe_A,40,4,0.3492349238651351,0.034980202285627454,0.02450108904032472,0.018038462114538134,0.014012144090829404
1970,7uhe_A,41,4,0.20986069336386237,-0.00711716949642327,-0.09587315321822479,-0.009369083462396455,-0.0133626731470331
1971,7uhe_A,46,4,0.5489147794245052,0.026854495864533867,0.0664261169509711,0.0210402061014337,0.04955854856387454
1972,7uhe_A,47,4,0.42701896293111963,0.04110583105294094,0.10268952776060727,0.04044432077137938,0.1037634105572538
1973,7uhe_A,54,4,0.280874166127949,-0.005923419059924051,0.04798445641573784,-0.00526267201174746,0.008292033026201517
1974,7uhe_A,55,4,0.024515257257504697,0.016902366391318785,-0.0549004023012937,0.011277863965030221,-0.0019224510177771048
1975,7uhe_A,57,4,0.1282051115919457,0.051582056456739245,-0.06112500771668518,0.02994133130840304,0.006793908699751272
1976,7uhe_A,61,4,0.28668488824319915,0.04797851431097211,-0.07338898441910101,0.035617714457010036,0.012650212884965484
1977,7uhe_A,62,4,0.2558329447450023,-0.010085492965661524,-0.0102737044137865,-0.006234723022089161,-0.005191085911850246
1978,7uhe_A,69,4,0.053817862127465976,-0.020298754885846815,0.040080997614755795,-0.011808658858537574,-0.023032384708666198
1979,7uhe_A,71,4,-0.015646584196143287,0.00253195367326442,-0.10183654483251538,0.0027151320138636414,-0.014860797473483345
1980,7uhe_C,3,4,0.7432966807030945,0.06163131746757297,0.015973034268170594,0.044964645157923255,0.3715190856300773
1981,7uhe_C,4,4,0.524086060695871,0.044670248853420774,-0.025097142725761606,0.03156809165335961,0.12637146857459314
1982,7uhe_C,12,4,0.18277907156721573,-0.005598370952981657,0.028500738629632122,-0.0026794876446941673,0.013058792246724682
1983,7uhe_C,13,4,0.14824881488216135,-0.004260577983279501,0.0689224446447303,-0.0013658120843123012,-0.003692961585400223
1984,7uhe_C,15,4,0.07210415440162721,-0.012570806436980969,0.04010918180191847,-0.007559835991625741,-0.004237734067745524
1985,7uhe_C,17,4,0.07285368824694627,-0.01670188891345037,-0.08292510433063571,-0.010711747235931768,-0.01268170754410125
1986,7uhe_C,19,4,-0.015516389080644233,0.03130793915079741,0.07671859183142335,0.019416334713815153,0.014284530332002054
1987,7uhe_C,20,4,0.021741728517085113,0.04012487539803972,-0.000522316319738203,0.021346982163948147,-0.016903694282279114
1988,7uhe_C,23,4,0.20211484102859512,0.048291885717816535,0.10784699411419389,0.04122016949886434,0.022183731326012257
1989,7uhe_C,24,4,0.19104573879107345,-0.009069004996867192,0.06925154358170929,-0.005384070868061808,-0.004373927188332072
1990,7uhe_C,27,4,0.07355331246386287,0.018885120394771138,0.061896030780413405,0.01202236246430477,0.006112943096819201
1991,7uhe_C,32,4,-0.07810164142853648,-0.014210386862296254,-0.02905697700324586,-0.009932581865198409,-0.017720853005797288
1992,7uhe_C,50,4,0.40459412059646627,-0.031444030351622854,0.0338874537719249,-0.0144597824483442,0.11506743956592325
1993,7uhe_C,56,4,-0.14310488922155928,0.04905703444118878,0.02212737336099868,0.04074825042833374,-0.00737017584123234
1994,7uhe_C,57,4,-0.011720064997466806,-0.005566609284665042,-0.09446808299047696,-0.0031395037612597654,0.006793908699751272
1995,7uhe_C,61,4,0.10004072205679815,0.04821383246699415,-0.0869592903673636,0.04154725549027419,0.012650212884965484
1996,7uhe_C,63,4,-0.04096574735041292,-0.016928420284794243,-0.019688445377805203,-0.009886619505555416,-0.022079032864561476
1997,7uhe_C,66,4,-0.08867678822070013,-0.01609531802217226,0.04213086053694243,-0.009983992452723522,-0.02793533704977591
1998,7uhe_C,71,4,-0.02022325122355506,-0.013339814721550408,-0.11152508935688653,-0.007045852873191399,-0.014860797473483345
1999,7uhe_C,73,4,0.189439882842787,0.038598048274955804,0.08094805903431164,0.021331216148393728,-0.00573585839419577
